<?xml version="1.0" encoding="UTF-8" standalone="yes"?>
<ns3:systemMetadata xmlns:ns2="http://ns.dataone.org/service/types/v1" xmlns:ns3="http://ns.dataone.org/service/types/v2.0">
    <serialVersion>6</serialVersion>
    <identifier>doi:10.6085/AA/pisco_recruitment.137.1</identifier>
    <formatId>eml://ecoinformatics.org/eml-2.0.1</formatId>
    <size>43215</size>
    <checksum algorithm="MD5">3ebcf3517ea16fd726787e97d38e38c5</checksum>
    <submitter>uid=frenockm,o=PISCO,dc=ecoinformatics,dc=org</submitter>
    <rightsHolder>uid=frenockm,o=PISCO,dc=ecoinformatics,dc=org</rightsHolder>
    <accessPolicy>
        <allow>
            <subject>cn=pisco-intertidal-write,o=PISCOGROUPS,dc=ecoinformatics,dc=org</subject>
            <permission>read</permission>
            <permission>write</permission>
            <permission>changePermission</permission>
        </allow>
        <allow>
            <subject>public</subject>
            <permission>read</permission>
        </allow>
        <allow>
            <subject>CN=PISCO-data-managers,DC=dataone,DC=org</subject>
            <permission>read</permission>
            <permission>write</permission>
            <permission>changePermission</permission>
        </allow>
    </accessPolicy>
    <replicationPolicy replicationAllowed="true" numberReplicas="1">
        <preferredMemberNode>urn:node:KNB</preferredMemberNode>
        <preferredMemberNode>urn:node:KNB</preferredMemberNode>
        <preferredMemberNode>urn:node:KNB</preferredMemberNode>
    </replicationPolicy>
    <archived>false</archived>
    <dateUploaded>2009-01-07T00:00:00.000+00:00</dateUploaded>
    <dateSysMetadataModified>2020-02-28T04:16:19.964+00:00</dateSysMetadataModified>
    <originMemberNode>urn:node:PISCO</originMemberNode>
    <authoritativeMemberNode>urn:node:PISCO</authoritativeMemberNode>
    <replica>
        <replicaMemberNode>urn:node:KNB</replicaMemberNode>
        <replicationStatus>completed</replicationStatus>
        <replicaVerified>2015-12-28T12:50:26.579+00:00</replicaVerified>
    </replica>
    <replica>
        <replicaMemberNode>urn:node:PISCO</replicaMemberNode>
        <replicationStatus>completed</replicationStatus>
        <replicaVerified>2015-12-28T12:49:59.158+00:00</replicaVerified>
    </replica>
    <replica>
        <replicaMemberNode>urn:node:CN</replicaMemberNode>
        <replicationStatus>completed</replicationStatus>
        <replicaVerified>2016-01-01T19:03:12.705+00:00</replicaVerified>
    </replica>
    <replica>
        <replicaMemberNode>urn:node:PISCO</replicaMemberNode>
        <replicationStatus>completed</replicationStatus>
        <replicaVerified>2015-12-28T12:49:59.158+00:00</replicaVerified>
    </replica>
    <replica>
        <replicaMemberNode>urn:node:CN</replicaMemberNode>
        <replicationStatus>completed</replicationStatus>
        <replicaVerified>2016-01-01T19:03:12.705+00:00</replicaVerified>
    </replica>
    <replica>
        <replicaMemberNode>urn:node:PISCO</replicaMemberNode>
        <replicationStatus>completed</replicationStatus>
        <replicaVerified>2015-12-28T12:49:59.158+00:00</replicaVerified>
    </replica>
    <replica>
        <replicaMemberNode>urn:node:KNB</replicaMemberNode>
        <replicationStatus>completed</replicationStatus>
        <replicaVerified>2015-12-28T12:50:26.579+00:00</replicaVerified>
    </replica>
    <replica>
        <replicaMemberNode>urn:node:CN</replicaMemberNode>
        <replicationStatus>completed</replicationStatus>
        <replicaVerified>2016-01-01T19:03:12.705+00:00</replicaVerified>
    </replica>
    <replica>
        <replicaMemberNode>urn:node:KNB</replicaMemberNode>
        <replicationStatus>completed</replicationStatus>
        <replicaVerified>2015-12-28T12:50:26.579+00:00</replicaVerified>
    </replica>
</ns3:systemMetadata>
