<?xml version="1.0" encoding="UTF-8" standalone="yes"?>
<ns3:systemMetadata xmlns:ns2="http://ns.dataone.org/service/types/v1" xmlns:ns3="http://ns.dataone.org/service/types/v2.0">
    <serialVersion>5</serialVersion>
    <identifier>doi:10.6085/AA/pisco_recruitment.1366.1</identifier>
    <formatId>text/csv</formatId>
    <size>578436</size>
    <checksum algorithm="MD5">3b07f96da0eea9107488df89fb226ca2</checksum>
    <submitter>uid=frenockm,o=PISCO,dc=ecoinformatics,dc=org</submitter>
    <rightsHolder>uid=frenockm,o=PISCO,dc=ecoinformatics,dc=org</rightsHolder>
    <accessPolicy>
        <allow>
            <subject>cn=pisco-intertidal-write,o=PISCOGROUPS,dc=ecoinformatics,dc=org</subject>
            <permission>read</permission>
            <permission>write</permission>
            <permission>changePermission</permission>
        </allow>
        <allow>
            <subject>CN=PISCO-data-managers,DC=dataone,DC=org</subject>
            <permission>read</permission>
            <permission>write</permission>
            <permission>changePermission</permission>
        </allow>
        <allow>
            <subject>public</subject>
            <permission>read</permission>
        </allow>
    </accessPolicy>
    <replicationPolicy replicationAllowed="true" numberReplicas="1">
        <preferredMemberNode>urn:node:KNB</preferredMemberNode>
        <preferredMemberNode>urn:node:KNB</preferredMemberNode>
        <preferredMemberNode>urn:node:KNB</preferredMemberNode>
    </replicationPolicy>
    <archived>false</archived>
    <dateUploaded>2010-01-08T00:00:00.000+00:00</dateUploaded>
    <dateSysMetadataModified>2020-02-28T04:16:07.728+00:00</dateSysMetadataModified>
    <originMemberNode>urn:node:PISCO</originMemberNode>
    <authoritativeMemberNode>urn:node:PISCO</authoritativeMemberNode>
    <replica>
        <replicaMemberNode>urn:node:PISCO</replicaMemberNode>
        <replicationStatus>completed</replicationStatus>
        <replicaVerified>2015-12-28T14:57:41.682+00:00</replicaVerified>
    </replica>
    <replica>
        <replicaMemberNode>urn:node:KNB</replicaMemberNode>
        <replicationStatus>completed</replicationStatus>
        <replicaVerified>2015-12-28T14:58:05.546+00:00</replicaVerified>
    </replica>
    <replica>
        <replicaMemberNode>urn:node:PISCO</replicaMemberNode>
        <replicationStatus>completed</replicationStatus>
        <replicaVerified>2015-12-28T14:57:41.682+00:00</replicaVerified>
    </replica>
    <replica>
        <replicaMemberNode>urn:node:KNB</replicaMemberNode>
        <replicationStatus>completed</replicationStatus>
        <replicaVerified>2015-12-28T14:58:05.546+00:00</replicaVerified>
    </replica>
    <replica>
        <replicaMemberNode>urn:node:PISCO</replicaMemberNode>
        <replicationStatus>completed</replicationStatus>
        <replicaVerified>2015-12-28T14:57:41.682+00:00</replicaVerified>
    </replica>
    <replica>
        <replicaMemberNode>urn:node:KNB</replicaMemberNode>
        <replicationStatus>completed</replicationStatus>
        <replicaVerified>2015-12-28T14:58:05.546+00:00</replicaVerified>
    </replica>
</ns3:systemMetadata>
