"Block","Area","Year","Mean","lower","upper","Density","DensityLO","DensityHI"
"S1",86.97,2026,0.659,0.659,0.659,0.00717488789237668,0.00757732551454525,0.00757732551454525
"S1",86.97,2027,0.367,0,3,0.00438082097274922,0,0.034494653328734
"S1",86.97,2028,0.252,0,1,0.00300103483959986,0,0.0114982177762447
"S1",86.97,2029,0.143,0,0,0.00185121306197539,0,0
"S1",86.97,2030,0.104,0,0,0.00123030930205818,0,0
"S1",86.97,2031,0.083,0,0,0.00101184316430953,0,0
"S1",86.97,2032,0.057,0,0,0.000689893066574681,0,0
"S1",86.97,2033,0.037,0,0,0.000425434057721053,0,0
"S1",86.97,2034,0.021,0,0,0.000241462573301138,0,0
"S1",86.97,2035,0.023,0,0,0.000229964355524894,0,0
"S1",86.97,2036,0.024,0,0,0.000287455444406117,0,0
"S1",86.97,2037,0.03,0,0,0.000356444751063585,0,0
"S1",86.97,2038,0.038,0,0,0.000413935839944809,0,0
"S1",86.97,2039,0.061,0,0,0.0005404162354835,0,0
"S1",86.97,2040,0.068,0,0,0.0005404162354835,0,0
"S1",86.97,2041,0.092,0,0,0.000747384155455904,0,0
"S1",86.97,2042,0.101,0,1,0.000758882373232149,0,0.0114982177762447
"S1",86.97,2043,0.116,0,1,0.00103483959986202,0,0.0114982177762447
"S1",86.97,2044,0.144,0,1,0.0012878003909394,0,0.0114982177762447
"S1",86.97,2045,0.156,0,1,0.00142577900425434,0,0.0114982177762447
"S1",86.97,2046,0.151,0,1,0.00157525583534552,0,0.0114982177762447
"S1",86.97,2047,0.192,0,1,0.00180522019087042,0,0.0114982177762447
"S1",86.97,2048,0.201,0,1,0.00208117741750029,0,0.0114982177762447
"S1",86.97,2049,0.243,0,1.04999999999995,0.00247211682189261,0,0.0120731286650564
"S1",86.97,2050,0.291,0,2,0.00284005979073244,0,0.0229964355524894
"S2",55.323,2026,0.547,0.547,0.547,0.0102127505739024,0.00988738860871609,0.00988738860871609
"S2",55.323,2027,0.323,0,3,0.0061999530032717,0,0.0542269941977116
"S2",55.323,2028,0.208,0,0,0.00410317589429351,0,0
"S2",55.323,2029,0.163,0,0,0.00300056034560671,0,0
"S2",55.323,2030,0.11,0,0,0.0020244744500479,0,0
"S2",55.323,2031,0.071,0,0,0.00117491820761709,0,0
"S2",55.323,2032,0.036,0,0,0.000650723930372539,0,0
"S2",55.323,2033,0.018,0,0,0.000307286300453699,0,0
"S2",55.323,2034,0.025,0,0,0.000289210635721129,0,0
"S2",55.323,2035,0.016,0,0,0.000253059306255988,0,0
"S2",55.323,2036,0.031,0,0,0.000451891618314264,0,0
"S2",55.323,2037,0.048,0,0,0.000849556242430815,0,0
"S2",55.323,2038,0.074,0,1,0.00124722086654737,0,0.0180756647325705
"S2",55.323,2039,0.085,0,1,0.00146412884333821,0,0.0180756647325705
"S2",55.323,2040,0.114,0,1,0.00189794479691991,0,0.0180756647325705
"S2",55.323,2041,0.121,0,1,0.00211485277371075,0,0.0180756647325705
"S2",55.323,2042,0.134,0,1,0.00229560942103646,0,0.0180756647325705
"S2",55.323,2043,0.183,0,2,0.00289210635721129,0,0.0361513294651411
"S2",55.323,2044,0.208,0,2,0.0031270899987347,0,0.0361513294651411
"S2",55.323,2045,0.255,0,2,0.00383204092330495,0,0.0361513294651411
"S2",55.323,2046,0.383,0,2.04999999999995,0.00544077508450373,0,0.0370551127017688
"S2",55.323,2047,0.449,0,3,0.00674222294524881,0,0.0542269941977116
"S2",55.323,2048,0.555,0,4,0.00903783236628527,0,0.0723026589302822
"S2",55.323,2049,0.728,0,4,0.0112430634636589,0,0.0723026589302822
"S2",55.323,2050,0.987,0,5,0.0155992986642084,0,0.0903783236628527
"S3",90.694,2026,0.518,0.518,0.518,0.0057445917039716,0.00571151344080094,0.00571151344080094
"S3",90.694,2027,0.317,0,2,0.00362758286104924,0,0.0220521754471079
"S3",90.694,2028,0.169,0,0,0.0021059827551988,0,0
"S3",90.694,2029,0.088,0,0,0.00120184356186738,0,0
"S3",90.694,2030,0.07,0,0,0.000782852228372329,0,0
"S3",90.694,2031,0.054,0,0,0.000573356561624804,0,0
"S3",90.694,2032,0.02,0,0,0.000231547842194632,0,0
"S3",90.694,2033,0.013,0,0,0.000143339140406201,0,0
"S3",90.694,2034,0.014,0,0,0.000143339140406201,0,0
"S3",90.694,2035,0.032,0,0,0.000286678280812402,0,0
"S3",90.694,2036,0.063,0,0,0.000573356561624804,0,0
"S3",90.694,2037,0.09,0,1,0.000937217456502084,0,0.0110260877235539
"S3",90.694,2038,0.127,0,1,0.00132313052682647,0,0.0110260877235539
"S3",90.694,2039,0.166,0,1,0.0018193044743864,0,0.0110260877235539
"S3",90.694,2040,0.188,0,1,0.00226034798332856,0,0.0110260877235539
"S3",90.694,2041,0.287,0,2,0.00336295675568395,0,0.0220521754471079
"S3",90.694,2042,0.467,0,3,0.00536970472137076,0,0.0330782631706618
"S3",90.694,2043,0.791,0,4,0.00912960063510265,0,0.0441043508942157
"S3",90.694,2044,1.345,0,6,0.0146205923214325,0,0.0661565263413236
"S3",90.694,2045,2.086,0,8,0.0220852537102785,0,0.0882087017884314
"S3",90.694,2046,2.912,0,10,0.0305312369065208,0,0.110260877235539
"S3",90.694,2047,3.788,0,11,0.039671863629347,0,0.121286964959093
"S3",90.694,2048,4.683,0,13,0.0491101947207092,0,0.143339140406201
"S3",90.694,2049,5.627,0,14,0.0600039693915805,0,0.154365228129755
"S3",90.694,2050,6.686,0,15,0.0712395527818819,0,0.165391315853309
"S4",181.742,2026,0.632,0.632,0.632,0.00395615763004699,0.00347745705450584,0.00347745705450584
"S4",181.742,2027,0.377,0,4,0.00227245215745397,0,0.022009221863961
"S4",181.742,2028,0.265,0,1,0.00139758558836152,0,0.00550230546599025
"S4",181.742,2029,0.182,0,0,0.000907880401888391,0,0
"S4",181.742,2030,0.136,0,0,0.00067128126685081,0,0
"S4",181.742,2031,0.084,0,0,0.000385161382619318,0,0
"S4",181.742,2032,0.056,0,0,0.000269612967833522,0,0
"S4",181.742,2033,0.044,0,0,0.000203585302241639,0,0
"S4",181.742,2034,0.119,0,0,0.000473198270075161,0,0
"S4",181.742,2035,0.378,0,2,0.00192580691309659,0,0.0110046109319805
"S4",181.742,2036,0.929,0,4,0.0049685818357892,0,0.022009221863961
"S4",181.742,2037,1.721,0,6,0.00909531093528188,0,0.0330138327959415
"S4",181.742,2038,2.457,0,8,0.0129029063177471,0,0.044018443727922
"S4",181.742,2039,3.403,0,11,0.0175743636583729,0,0.0605253601258928
"S4",181.742,2040,4.319,0,12,0.022592466243356,0,0.066027665591883
"S4",181.742,2041,5.389,0,14,0.0280837670984142,0,0.0770322765238635
"S4",181.742,2042,6.565,0,15,0.0342353446093913,0,0.0825345819898538
"S4",181.742,2043,7.746,0,17,0.0405079728406202,0,0.0935391929218343
"S4",181.742,2044,8.815,0,19,0.0465274950204136,0,0.104543803853815
"S4",181.742,2045,10.181,0,22,0.0534824091294252,0,0.121050720251786
"S4",181.742,2046,11.319,0,23,0.0602172310197973,0,0.126553025717776
"S4",181.742,2047,12.62,0,26,0.0673317119873227,0,0.143059942115747
"S4",181.742,2048,14.423,0,31,0.0765480736428564,0,0.170571469445698
"S4",181.742,2049,16.069,1,35,0.0854342969704306,0.00550230546599025,0.192580691309659
"S4",181.742,2050,17.899,1,40,0.0949037646773998,0.00550230546599025,0.22009221863961
"S5",82.003,2026,48.02,48.02,48.02,0.579100764606173,0.58558833213419,0.58558833213419
"S5",82.003,2027,36.348,17.95,54,0.43752057851542,0.21889443069156,0.658512493445362
"S5",82.003,2028,30.465,14,46.05,0.367132909771594,0.170725461263612,0.561564820799239
"S5",82.003,2029,26.25,12.95,40,0.316573783885955,0.157921051668841,0.487787032181749
"S5",82.003,2030,22.797,10.95,35,0.275258222260161,0.133531700059754,0.426813653159031
"S5",82.003,2031,19.751,8,31,0.23854005341268,0.0975574064363499,0.378034949940856
"S5",82.003,2032,17.046,8,27,0.20619977317903,0.0975574064363499,0.329256246722681
"S5",82.003,2033,14.661,6,24,0.17707888735778,0.0731680548272624,0.29267221930905
"S5",82.003,2034,12.662,5,21,0.152982207968001,0.0609733790227187,0.256088191895418
"S5",82.003,2035,11.595,0,20,0.139141250929844,0,0.243893516090875
"S5",82.003,2036,11.601,0,21,0.138580295842835,0,0.256088191895418
"S5",82.003,2037,12.362,0,23,0.147640939965611,0,0.280477543504506
"S5",82.003,2038,13.374,0,25.05,0.160420960208773,0,0.30547662890382
"S5",82.003,2039,14.682,0,27,0.174505810763021,0,0.329256246722681
"S5",82.003,2040,16.1,1,31.05,0.190017438386401,0.0121946758045437,0.378644683731082
"S5",82.003,2041,17.665,1,34,0.208431398851262,0.0121946758045437,0.414618977354487
"S5",82.003,2042,19.24,1.95,38,0.226260014877504,0.0237796178188603,0.463397680572662
"S5",82.003,2043,20.776,2,42,0.245991000329256,0.0243893516090875,0.512176383790837
"S5",82.003,2044,22.643,2.95,45,0.269331609819153,0.0359742936234041,0.548760411204468
"S5",82.003,2045,24.699,4,48,0.292196626952672,0.0487787032181749,0.585344438618099
"S5",82.003,2046,27.007,3.95,54,0.320683389632087,0.0481689694279478,0.658512493445362
"S5",82.003,2047,29.826,4.95,59,0.354633367071936,0.0603636452324915,0.71948587246808
"S5",82.003,2048,32.701,6.95,64,0.386778532492714,0.084752996841579,0.780459251490799
"S5",82.003,2049,35.437,7.95,71,0.419533431703718,0.0969476726461227,0.865821982122605
"S5",82.003,2050,38.63,8.95,75,0.45810519127349,0.109142348450666,0.91460068534078
"S6",123.91,2026,47.9,47.9,47.9,0.382293600193689,0.386570898232588,0.386570898232588
"S6",123.91,2027,36.249,16,55,0.288540069405213,0.129125978532806,0.443870551206521
"S6",123.91,2028,30.387,13,47,0.24249858768461,0.104914857557905,0.379307561940118
"S6",123.91,2029,26.224,11,41,0.208627229440723,0.0887741102413042,0.330885319990316
"S6",123.91,2030,22.704,10,37,0.181115325639577,0.0807037365830038,0.298603825357114
"S6",123.91,2031,19.705,8.95,32,0.156775078686143,0.0722298442417884,0.258251957065612
"S6",123.91,2032,17.043,7.95,28,0.135727544185296,0.064159470583488,0.225970462432411
"S6",123.91,2033,14.604,6,24,0.116173028811234,0.0484222419498023,0.193688967799209
"S6",123.91,2034,12.779,5,22,0.10128318941167,0.0403518682915019,0.177548220482608
"S6",123.91,2035,11.826,4,22,0.09306754902752,0.0322814946332015,0.177548220482608
"S6",123.91,2036,11.899,1,22,0.0936001936889678,0.00807037365830038,0.177548220482608
"S6",123.91,2037,12.802,1,23,0.100032281494633,0.00807037365830038,0.185618594140909
"S6",123.91,2038,14.147,2,26,0.109369703817287,0.0161407473166008,0.20982971511581
"S6",123.91,2039,15.273,2,29,0.118965378097006,0.0161407473166008,0.234040836090711
"S6",123.91,2040,16.903,2,34,0.131191994189331,0.0161407473166008,0.274392704382213
"S6",123.91,2041,18.764,2,39,0.14496812202405,0.0161407473166008,0.314744572673715
"S6",123.91,2042,20.588,4,44,0.158994431442176,0.0322814946332015,0.355096440965217
"S6",123.91,2043,22.783,3.95,49,0.176894520216286,0.0318779759502865,0.395448309256719
"S6",123.91,2044,24.954,5,54,0.193890727140667,0.0403518682915019,0.43580017754822
"S6",123.91,2045,27.675,6,58,0.213776127834719,0.0484222419498023,0.468081672181422
"S6",123.91,2046,30.476,7.95,64,0.236139133241869,0.064159470583488,0.516503914131224
"S6",123.91,2047,33.798,9,71.05,0.262634169962069,0.0726333629247034,0.573400048422242
"S6",123.91,2048,37.631,10,80,0.29226051166169,0.0807037365830038,0.64562989266403
"S6",123.91,2049,41.19,10.95,88,0.32198369784521,0.0883705915583892,0.710192881930433
"S6",123.91,2050,45.46,12,97,0.354079573884271,0.0968444838996046,0.782826244855137
"S7",100.981,2026,0.324,0.324,0.324,0.00412948970598429,0.00320852437587269,0.00320852437587269
"S7",100.981,2027,0.187,0,0,0.00252522751804795,0,0
"S7",100.981,2028,0.14,0,0,0.0018023192481754,0,0
"S7",100.981,2029,0.072,0,0,0.00104970241926699,0,0
"S7",100.981,2030,0.035,0,0,0.000564462621681306,0,0
"S7",100.981,2031,0.023,0,0,0.000306988443370535,0,0
"S7",100.981,2032,0.018,0,0,0.000168348501203197,0,0
"S7",100.981,2033,0.009,0,0,0.00010893138313148,0,0
"S7",100.981,2034,0.102,0,0,0.00072290826987255,0,0
"S7",100.981,2035,0.417,0,3,0.00380269555658985,0,0.0297085590358582
"S7",100.981,2036,1.059,0,4,0.00969489309870174,0,0.039611412047811
"S7",100.981,2037,1.914,0,7,0.0176171755082639,0,0.0693199710836692
"S7",100.981,2038,2.644,0,9,0.0248858696190372,0,0.0891256771075747
"S7",100.981,2039,3.813,0,12,0.0343529970984641,0,0.118834236143433
"S7",100.981,2040,4.827,0,13,0.0445727414067993,0,0.128737089155386
"S7",100.981,2041,5.866,0,15,0.0550796684524812,0,0.148542795179291
"S7",100.981,2042,7.161,0,17,0.0662005723849041,0,0.168348501203197
"S7",100.981,2043,8.364,0,19,0.0779948703221398,0,0.188154207227102
"S7",100.981,2044,9.691,0,21,0.0903437280280449,0,0.207959913251008
"S7",100.981,2045,10.835,0,24.05,0.101741911844802,0,0.238163614937463
"S7",100.981,2046,12.373,0,27,0.115863380239847,0,0.267377031322724
"S7",100.981,2047,13.711,0,30,0.129261940365019,0,0.297085590358582
"S7",100.981,2048,15.357,1,34,0.145116408037156,0.00990285301195274,0.336697002406393
"S7",100.981,2049,17.178,1,38,0.16268406928036,0.00990285301195274,0.376308414454204
"S7",100.981,2050,18.815,1.95,39,0.17906338816213,0.0193105633733079,0.386211267466157
"S8",87.372,2026,0.511,0.511,0.511,0.0067870713729799,0.00584855560133681,0.00584855560133681
"S8",87.372,2027,0.309,0,1,0.00401730531520396,0,0.0114453142883304
"S8",87.372,2028,0.229,0,0,0.00298722702925422,0,0
"S8",87.372,2029,0.165,0,0,0.00208304720047613,0,0
"S8",87.372,2030,0.129,0,0,0.0015451174289246,0,0
"S8",87.372,2031,0.098,0,0,0.00111019548596804,0,0
"S8",87.372,2032,0.071,0,0,0.000778281371606464,0,0
"S8",87.372,2033,0.041,0,0,0.000480703200109875,0,0
"S8",87.372,2034,0.031,0,0,0.00033191411436158,0,0
"S8",87.372,2035,0.027,0,0,0.000446367257244884,0,0
"S8",87.372,2036,0.04,0,0,0.000686718857299821,0,0
"S8",87.372,2037,0.065,0,0,0.00109875017167971,0,0
"S8",87.372,2038,0.119,0,1,0.00157945337178959,0,0.0114453142883304
"S8",87.372,2039,0.155,0,1,0.0020372659433228,0,0.0114453142883304
"S8",87.372,2040,0.186,0,2,0.00250652382914435,0,0.0228906285766607
"S8",87.372,2041,0.271,0,2,0.00355949274367074,0,0.0228906285766607
"S8",87.372,2042,0.484,0,3,0.00582566497276015,0,0.0343359428649911
"S8",87.372,2043,0.908,0,4,0.00965984525935082,0,0.0457812571533214
"S8",87.372,2044,1.51,0,6,0.0157830884036076,0,0.0686718857299821
"S8",87.372,2045,2.253,0,7.04999999999995,0.023108089548139,0,0.0806894657327285
"S8",87.372,2046,2.978,0,10,0.030730668864167,0,0.114453142883304
"S8",87.372,2047,3.811,0,12,0.0398640296662546,0,0.137343771459964
"S8",87.372,2048,4.574,0,12,0.048676921668269,0,0.137343771459964
"S8",87.372,2049,5.281,0,13,0.0574440324131301,0,0.148789085748295
"S8",87.372,2050,5.956,0,14,0.0652497367577714,0,0.160234400036625
"S9",88.003,2026,0.399,0.399,0.399,0,0.00453393634307921,0.00453393634307921
"S9",88.003,2027,0.207,0,0,0,0,0
"S9",88.003,2028,0.129,0,0,0,0,0
"S9",88.003,2029,0.104,0,0,0,0,0
"S9",88.003,2030,0.084,0,0,0,0,0
"S9",88.003,2031,0.068,0,0,0,0,0
"S9",88.003,2032,0.042,0,0,0,0,0
"S9",88.003,2033,0.034,0,0,0,0,0
"S9",88.003,2034,0.031,0,0,0.000575705238917674,0,0
"S9",88.003,2035,0.035,0,0,0.00287852619458837,0,0
"S9",88.003,2036,0.045,0,0,0.0103626943005181,0,0
"S9",88.003,2037,0.073,0,0,0.0178468624064479,0,0
"S9",88.003,2038,0.084,0,0,0.0345423143350604,0,0
"S9",88.003,2039,0.077,0,0,0.0587219343696028,0,0
"S9",88.003,2040,0.111,0,1,0.0748416810592976,0,0.0113632489801484
"S9",88.003,2041,0.135,0,1,0.101899827288428,0,0.0113632489801484
"S9",88.003,2042,0.158,0,1,0.147380541162925,0,0.0113632489801484
"S9",88.003,2043,0.201,0,1,0.208981001727116,0,0.0113632489801484
"S9",88.003,2044,0.234,0,2,0.312032239493379,0,0.0227264979602968
"S9",88.003,2045,0.3,0,2,0.455958549222798,0,0.0227264979602968
"S9",88.003,2046,0.397,0,3,0.66839378238342,0,0.0340897469404452
"S9",88.003,2047,0.538,0,3,1.0454807138745,0,0.0340897469404452
"S9",88.003,2048,0.792,0,4,1.45308002302821,0,0.0454529959205936
"S9",88.003,2049,1.169,0,5,1.93839953943581,0,0.056816244900742
"S9",88.003,2050,1.709,0,6,2.47956246401842,0,0.0681794938808904
"S10",71.627,2026,0.496,0.496,0.496,0.00561344499619331,0.00692476300836277,0.00692476300836277
"S10",71.627,2027,0.286,0,0,0.003215799461382,0,0
"S10",71.627,2028,0.208,0,0,0.00206811131438701,0,0
"S10",71.627,2029,0.135,0,0,0.00155676511028033,0,0
"S10",71.627,2030,0.095,0,0,0.00104541890617365,0,0
"S10",71.627,2031,0.067,0,0,0.000749974432689795,0,0
"S10",71.627,2032,0.054,0,0,0.000454529959205936,0,0
"S10",71.627,2033,0.035,0,0,0.000261354726543413,0,0
"S10",71.627,2034,0.026,0,0,0.000238628228583116,0,0
"S10",71.627,2035,0.031,0,0,0.000329534220424304,0,0
"S10",71.627,2036,0.042,0,0,0.000488619706146381,0,0
"S10",71.627,2037,0.049,0,0,0.000715884685749349,0,0
"S10",71.627,2038,0.062,0,0,0.00102269240821336,0,0
"S10",71.627,2039,0.072,0,0,0.00109087190209425,0,0
"S10",71.627,2040,0.085,0,0,0.00132950013067736,0,0
"S10",71.627,2041,0.103,0,0,0.00167039760008182,0,0
"S10",71.627,2042,0.121,0,1,0.00209083781234731,0,0.0139612157426669
"S10",71.627,2043,0.164,0,1,0.00261354726543413,0,0.0139612157426669
"S10",71.627,2044,0.204,0,1,0.00302262422871948,0,0.0139612157426669
"S10",71.627,2045,0.237,0,2,0.00381805165732986,0,0.0279224314853337
"S10",71.627,2046,0.262,0,2,0.00476120132268218,0,0.0279224314853337
"S10",71.627,2047,0.288,0,2,0.00615888094724044,0,0.0279224314853337
"S10",71.627,2048,0.364,0,3,0.00881788120859516,0,0.0418836472280006
"S10",71.627,2049,0.423,0,3,0.0128859243434883,0,0.0418836472280006
"S10",71.627,2050,0.524,0,3,0.0190448052907287,0,0.0418836472280006
"S11",55.503,2026,0.524,0.524,0.524,0.00808354391500412,0.00944093112084031,0.00944093112084031
"S11",55.503,2027,0.285,0,1.04999999999995,0.00498415402013207,0,0.0189178963299273
"S11",55.503,2028,0.172,0,0,0.00342049785695338,0,0
"S11",55.503,2029,0.122,0,0,0.00230360059754003,0,0
"S11",55.503,2030,0.1,0,0,0.00156365616317869,0,0
"S11",55.503,2031,0.053,0,0,0.00115878090664135,0,0
"S11",55.503,2032,0.028,0,0,0.000753905650104011,0,0
"S11",55.503,2033,0.019,0,0,0.000488642550993341,0,0
"S11",55.503,2034,0.008,0,0,0.000209418236140003,0,0
"S11",55.503,2035,0.011,0,0,0.000349030393566672,0,0
"S11",55.503,2036,0.007,0,0,0.000460720119508007,0,0
"S11",55.503,2037,0.017,0,0,0.000516564982478674,0,0
"S11",55.503,2038,0.032,0,0,0.000614293492677342,0,0
"S11",55.503,2039,0.044,0,0,0.000809750513074679,0,0
"S11",55.503,2040,0.056,0,0,0.00103312996495735,0,0
"S11",55.503,2041,0.074,0,0,0.00138216035852402,0,0
"S11",55.503,2042,0.072,0,0,0.00166138467337736,0,0
"S11",55.503,2043,0.08,0,0.0499999999999545,0.00195457020397336,0,0.000900852206186234
"S11",55.503,2044,0.087,0,1,0.00247113518645204,0,0.0180170441237411
"S11",55.503,2045,0.095,0,1,0.00291789409021738,0,0.0180170441237411
"S11",55.503,2046,0.113,0,1,0.00326692448378405,0,0.0180170441237411
"S11",55.503,2047,0.159,0,1,0.00389517919220406,0,0.0180170441237411
"S11",55.503,2048,0.184,0,1,0.0046770072737934,0,0.0180170441237411
"S11",55.503,2049,0.197,0,1,0.00558448629706675,0,0.0180170441237411
"S11",55.503,2050,0.237,0,2,0.0068689181453921,0,0.0360340882474821
"C1",58.623,2026,0.609,0.609,0.609,0,0.0103884141036794,0.0103884141036794
"C1",58.623,2027,0.38,0,3,0,0,0.0511744537127066
"C1",58.623,2028,0.277,0,0,0,0,0
"C1",58.623,2029,0.217,0,0,0,0,0
"C1",58.623,2030,0.163,0,0,0,0,0
"C1",58.623,2031,0.092,0,0,0,0,0
"C1",58.623,2032,0.085,0,0,0,0,0
"C1",58.623,2033,0.054,0,0,0,0,0
"C1",58.623,2034,0.038,0,0,0,0,0
"C1",58.623,2035,0.02,0,0,4.5359702440352e-05,0,0
"C1",58.623,2036,0.001,0,0,0.00011339925610088,0,0
"C1",58.623,2037,0.003,0,0,0.000362877619522816,0,0
"C1",58.623,2038,0.007,0,0,0.00045359702440352,0,0
"C1",58.623,2039,0.014,0,0,0.00068039553660528,0,0
"C1",58.623,2040,0.023,0,0,0.00090719404880704,0,0
"C1",58.623,2041,0.018,0,0,0.00108863285856845,0,0
"C1",58.623,2042,0.035,0,0,0.00115667241222898,0,0
"C1",58.623,2043,0.033,0,0,0.00145151047809126,0,0
"C1",58.623,2044,0.04,0,0,0.00172366869273338,0,0
"C1",58.623,2045,0.049,0,0,0.00215458586591672,0,0
"C1",58.623,2046,0.054,0,0,0.00294838065862288,0,0
"C1",58.623,2047,0.05,0,0,0.00378753515376939,0,0
"C1",58.623,2048,0.073,0,0,0.00451329039281502,0,0
"C1",58.623,2049,0.094,0,1,0.00548852399528259,0,0.0170581512375689
"C1",58.623,2050,0.113,0,1,0.00707611358069491,0,0.0170581512375689
"C2",79.578,2026,0.439,0.439,0.439,0.0106300560330072,0.00551660006534469,0.00551660006534469
"C2",79.578,2027,0.209,0,0,0.00626993135506189,0,0
"C2",79.578,2028,0.125,0,0,0.00423400536907915,0,0
"C2",79.578,2029,0.094,0,0,0.00315298272165469,0,0
"C2",79.578,2030,0.059,0,0,0.00248635208907627,0,0
"C2",79.578,2031,0.032,0,0,0.0014053294416518,0,0
"C2",79.578,2032,0.015,0,0,0.000828784029692089,0,0
"C2",79.578,2033,0.005,0,0,0.000576545411959714,0,0
"C2",79.578,2034,0.006,0,0,0.000306289750103598,0,0
"C2",79.578,2035,0.008,0,0,0.000360340882474821,0,0
"C2",79.578,2036,0.01,0,0,0.000360340882474821,0,0
"C2",79.578,2037,0.01,0,0,0.00050447723546475,0,0
"C2",79.578,2038,0.01,0,0,0.000774732897320865,0,0
"C2",79.578,2039,0.014,0,0,0.000882835162063312,0,0
"C2",79.578,2040,0.018,0,0,0.00102697151505324,0,0
"C2",79.578,2041,0.014,0,0,0.00118912491216691,0,0
"C2",79.578,2042,0.016,0,0,0.00144136352989928,0,0
"C2",79.578,2043,0.02,0,0,0.00160351692701295,0,0
"C2",79.578,2044,0.034,0,0,0.002017908941859,0,0
"C2",79.578,2045,0.045,0,0,0.00219807938309641,0,0
"C2",79.578,2046,0.046,0,0,0.00246833504495253,0,0
"C2",79.578,2047,0.048,0,0,0.00304488045691224,0,0
"C2",79.578,2048,0.056,0,0,0.00349530656000577,0,0
"C2",79.578,2049,0.061,0,0,0.00378357926598562,0,0
"C2",79.578,2050,0.074,0,0,0.00445020989856404,0,0
"C3",94.618,2026,0.4,0.4,0.4,0.00943315763437559,0.00422752541799658,0.00422752541799658
"C3",94.618,2027,0.238,0,0,0.00573153881582314,0,0
"C3",94.618,2028,0.144,0,0,0.00412807259949167,0,0
"C3",94.618,2029,0.057,0,0,0.00320693243266295,0,0
"C3",94.618,2030,0.031,0,0,0.00220050150964638,0,0
"C3",94.618,2031,0.016,0,0,0.00114289613291711,0,0
"C3",94.618,2032,0.012,0,0,0.000921140166828719,0,0
"C3",94.618,2033,0.012,0,0,0.00046057008341436,0,0
"C3",94.618,2034,0.012,0,0,0.00030704672227624,0,0
"C3",94.618,2035,0.013,0,0,8.52907561878444e-05,0,0
"C3",94.618,2036,0.012,0,0,1.70581512375689e-05,0,0
"C3",94.618,2037,0.016,0,0,0.000119407058662982,0,0
"C3",94.618,2038,0.02,0,0,0.000238814117325964,0,0
"C3",94.618,2039,0.024,0,0,0.000272930419801102,0,0
"C3",94.618,2040,0.026,0,0,0.000426453780939222,0,0
"C3",94.618,2041,0.033,0,0,0.000528802688364635,0,0
"C3",94.618,2042,0.036,0,0,0.000784674956928168,0,0
"C3",94.618,2043,0.035,0,0,0.00075055865445303,0,0
"C3",94.618,2044,0.037,0,0,0.00090408201559115,0,0
"C3",94.618,2045,0.046,0,0,0.0010405472254917,0,0
"C3",94.618,2046,0.052,0,0,0.00117701243539225,0,0
"C3",94.618,2047,0.053,0,0,0.00119407058662982,0,0
"C3",94.618,2048,0.059,0,0,0.00151817546014363,0,0
"C3",94.618,2049,0.068,0,0,0.0018081640311823,0,0
"C3",94.618,2050,0.068,0,0,0.00201286184603313,0,0
"C4",116.676,2026,0.356,0.356,0.356,0,0.00305118447667044,0.00305118447667044
"C4",116.676,2027,0.215,0,0,0,0,0
"C4",116.676,2028,0.141,0,0,0,0,0
"C4",116.676,2029,0.098,0,0,0,0,0
"C4",116.676,2030,0.085,0,0,0,0,0
"C4",116.676,2031,0.069,0,0,0,0,0
"C4",116.676,2032,0.038,0,0,0,0,0
"C4",116.676,2033,0.023,0,0,0,0,0
"C4",116.676,2034,0.025,0,0,0,0,0
"C4",116.676,2035,0.027,0,0,0,0,0
"C4",116.676,2036,0.025,0,0,0,0,0
"C4",116.676,2037,0.029,0,0,0.000109397221310579,0,0
"C4",116.676,2038,0.033,0,0,0.000109397221310579,0,0
"C4",116.676,2039,0.039,0,0,0.000218794442621157,0,0
"C4",116.676,2040,0.042,0,0,5.46986106552894e-05,0,0
"C4",116.676,2041,0.044,0,0,0.000273493053276447,0,0
"C4",116.676,2042,0.048,0,0,0.000273493053276447,0,0
"C4",116.676,2043,0.046,0,0,0.000218794442621157,0,0
"C4",116.676,2044,0.047,0,0,0.00087517777048463,0,0
"C4",116.676,2045,0.055,0,0,0.00082047915982934,0,0
"C4",116.676,2046,0.066,0,0,0.00125806804507166,0,0
"C4",116.676,2047,0.07,0,0,0.0015315610983481,0,0
"C4",116.676,2048,0.083,0,0,0.00213324581555629,0,0
"C4",116.676,2049,0.089,0,0,0.00213324581555629,0,0
"C4",116.676,2050,0.092,0,0,0.0025708347007986,0,0
"C5",123.632,2026,0.378,0.378,0.378,0.00507678001457689,0.00305746085155947,0.00305746085155947
"C5",123.632,2027,0.219,0,0,0.0028525471864083,0,0
"C5",123.632,2028,0.161,0,0,0.00191007564904873,0,0
"C5",123.632,2029,0.112,0,0,0.00140742416245696,0,0
"C5",123.632,2030,0.078,0,0,0.0008796401015356,0,0
"C5",123.632,2031,0.041,0,0,0.000502651486591772,0,0
"C5",123.632,2032,0.023,0,0,0.00026389203046068,0,0
"C5",123.632,2033,0.02,0,0,7.53977229887657e-05,0,0
"C5",123.632,2034,0.011,0,0,7.53977229887657e-05,0,0
"C5",123.632,2035,0.01,0,0,0.000100530297318354,0,0
"C5",123.632,2036,0.014,0,0,0.000138229158812737,0,0
"C5",123.632,2037,0.014,0,0,0.000125662871647943,0,0
"C5",123.632,2038,0.015,0,0,0.000125662871647943,0,0
"C5",123.632,2039,0.015,0,0,0.000188494307471914,0,0
"C5",123.632,2040,0.015,0,0,0.00026389203046068,0,0
"C5",123.632,2041,0.015,0,0,0.000213626881801503,0,0
"C5",123.632,2042,0.014,0,0,0.000251325743295886,0,0
"C5",123.632,2043,0.016,0,0,0.000226193168966297,0,0
"C5",123.632,2044,0.017,0,0,0.00035185604061424,0,0
"C5",123.632,2045,0.023,0,0,0.000414687476438212,0,0
"C5",123.632,2046,0.02,0,0,0.000464952625097389,0,0
"C5",123.632,2047,0.022,0,0,0.000515217773756566,0,0
"C5",123.632,2048,0.029,0,0,0.000628314358239715,0,0
"C5",123.632,2049,0.026,0,0,0.000753977229887657,0,0
"C5",123.632,2050,0.031,0,0,0.000816808665711629,0,0
"C6",164.073,2026,0.288,0.288,0.288,0,0.00175531623118978,0.00175531623118978
"C6",164.073,2027,0.192,0,0,0,0,0
"C6",164.073,2028,0.127,0,0,0,0,0
"C6",164.073,2029,0.08,0,0,0,0,0
"C6",164.073,2030,0.059,0,0,0,0,0
"C6",164.073,2031,0.029,0,0,0,0,0
"C6",164.073,2032,0.021,0,0,0,0,0
"C6",164.073,2033,0.019,0,0,0,0,0
"C6",164.073,2034,0.004,0,0,0,0,0
"C6",164.073,2035,0,0,0,0,0,0
"C6",164.073,2036,0,0,0,0.000241109101868596,0,0
"C6",164.073,2037,0.001,0,0,0.000361663652802893,0,0
"C6",164.073,2038,0.001,0,0,0.000602772754671489,0,0
"C6",164.073,2039,0.002,0,0,0.000843881856540084,0,0
"C6",164.073,2040,0,0,0,0.000843881856540084,0,0
"C6",164.073,2041,0,0,0,0.00120554550934298,0,0
"C6",164.073,2042,0.004,0,0,0.00108499095840868,0,0
"C6",164.073,2043,0.004,0,0,0.00132610006027728,0,0
"C6",164.073,2044,0.007,0,0,0.00144665461121157,0,0
"C6",164.073,2045,0.004,0,0,0.00144665461121157,0,0
"C6",164.073,2046,0.002,0,0,0.00180831826401447,0,0
"C6",164.073,2047,0.004,0,0,0.00265220012055455,0,0
"C6",164.073,2048,0.008,0,0,0.00373719107896323,0,0
"C6",164.073,2049,0.009,0,0,0.0051838456901748,0,0
"C6",164.073,2050,0.011,0,0,0.00602772754671489,0,0
"C7",180.97,2026,0.826,0.826,0.826,0.00402671796064174,0.0045642924241587,0.0045642924241587
"C7",180.97,2027,0.552,0,6,0.00248367118307299,0,0.0331546665193126
"C7",180.97,2028,0.356,0,3.04999999999995,0.00158532203174872,0,0.016853622147317
"C7",180.97,2029,0.252,0,0,0.000834936270054324,0,0
"C7",180.97,2030,0.185,0,0,0.000380477287619692,0,0
"C7",180.97,2031,0.112,0,0,0.000232513897989812,0,0
"C7",180.97,2032,0.077,0,0,0.000190238643809846,0,0
"C7",180.97,2033,0.037,0,0,0.000179669830264854,0,0
"C7",180.97,2034,0.025,0,0,0.000105688135449914,0,0
"C7",180.97,2035,0.021,0,0,0.000116256948994906,0,0
"C7",180.97,2036,0.02,0,0,0.000116256948994906,0,0
"C7",180.97,2037,0.02,0,0,0.000158532203174872,0,0
"C7",180.97,2038,0.016,0,0,0.000190238643809846,0,0
"C7",180.97,2039,0.021,0,0,0.000243082711534803,0,0
"C7",180.97,2040,0.027,0,0,0.00022194508444482,0,0
"C7",180.97,2041,0.019,0,0,0.000274789152169777,0,0
"C7",180.97,2042,0.023,0,0,0.000317064406349743,0,0
"C7",180.97,2043,0.022,0,0,0.000327633219894735,0,0
"C7",180.97,2044,0.028,0,0,0.000359339660529709,0,0
"C7",180.97,2045,0.028,0,0,0.000422752541799658,0,0
"C7",180.97,2046,0.032,0,0,0.000496734236614598,0,0
"C7",180.97,2047,0.03,0,0,0.000539009490794563,0,0
"C7",180.97,2048,0.025,0,0,0.000612991185609504,0,0
"C7",180.97,2049,0.028,0,0,0.000602422372064512,0,0
"C7",180.97,2050,0.035,0,0,0.000634128812699486,0,0
"C8",96.674,2026,0.695,0.695,0.695,0.00281977441804656,0.00718910979167098,0.00718910979167098
"C8",96.674,2027,0.435,0,4,0.00173986081113511,0,0.0413761714628545
"C8",96.674,2028,0.32,0,2,0.00113133806438342,0,0.0206880857314273
"C8",96.674,2029,0.247,0,0,0.000797079090815592,0,0
"C8",96.674,2030,0.164,0,0,0.000685659432959649,0,0
"C8",96.674,2031,0.109,0,0,0.00048853234598375,0,0
"C8",96.674,2032,0.073,0,0,0.000265693030271864,0,0
"C8",96.674,2033,0.052,0,0,0.000162844115327917,0,0
"C8",96.674,2034,0.036,0,0,0.00013713188659193,0,0
"C8",96.674,2035,0.028,0,0,0.000145702629503925,0,0
"C8",96.674,2036,0.027,0,0,0.000145702629503925,0,0
"C8",96.674,2037,0.03,0,0,0.000171414858239912,0,0
"C8",96.674,2038,0.039,0,0,0.000197127086975899,0,0
"C8",96.674,2039,0.037,0,0,0.000231410058623882,0,0
"C8",96.674,2040,0.044,0,0,0.000239980801535877,0,0
"C8",96.674,2041,0.048,0,0,0.000239980801535877,0,0
"C8",96.674,2042,0.056,0,0,0.000265693030271864,0,0
"C8",96.674,2043,0.066,0,0,0.000265693030271864,0,0
"C8",96.674,2044,0.077,0,0,0.000291405259007851,0,0
"C8",96.674,2045,0.067,0,0,0.000334258973567829,0,0
"C8",96.674,2046,0.072,0,0,0.000394254173951798,0,0
"C8",96.674,2047,0.075,0,0,0.000411395659775789,0,0
"C8",96.674,2048,0.068,0,0,0.000505673831807741,0,0
"C8",96.674,2049,0.063,0,0,0.000531386060543728,0,0
"C8",96.674,2050,0.082,0,0,0.000574239775103706,0,0
"C9",87.834,2026,0.577,0.577,0.577,0.00270156593762133,0.0065692101008721,0.0065692101008721
"C9",87.834,2027,0.329,0,1,0.0015529959880937,0,0.0113851128264681
"C9",87.834,2028,0.248,0,0,0.00103533065872913,0,0
"C9",87.834,2029,0.154,0,0,0.000703701307104957,0,0
"C9",87.834,2030,0.097,0,0,0.000533842370907208,0,0
"C9",87.834,2031,0.062,0,0,0.00029927526853889,0,0
"C9",87.834,2032,0.05,0,0,0.000186035977740391,0,0
"C9",87.834,2033,0.047,0,0,0.000161770415426427,0,0
"C9",87.834,2034,0.031,0,0,8.89737284845347e-05,0,0
"C9",87.834,2035,0.034,0,0,8.08852077132134e-05,0,0
"C9",87.834,2036,0.033,0,0,0.000113239290798499,0,0
"C9",87.834,2037,0.034,0,0,0.000105150770027177,0,0
"C9",87.834,2038,0.034,0,0,0.000113239290798499,0,0
"C9",87.834,2039,0.039,0,0,0.000113239290798499,0,0
"C9",87.834,2040,0.042,0,0,0.000113239290798499,0,0
"C9",87.834,2041,0.046,0,0,0.000105150770027177,0,0
"C9",87.834,2042,0.04,0,0,9.70622492558561e-05,0,0
"C9",87.834,2043,0.043,0,0,0.00012132781156982,0,0
"C9",87.834,2044,0.048,0,0,0.000113239290798499,0,0
"C9",87.834,2045,0.04,0,0,0.000145593373883784,0,0
"C9",87.834,2046,0.049,0,0,0.000153681894655105,0,0
"C9",87.834,2047,0.046,0,0,0.000153681894655105,0,0
"C9",87.834,2048,0.051,0,0,0.000194124498511712,0,0
"C9",87.834,2049,0.056,0,0,0.000186035977740391,0,0
"C9",87.834,2050,0.059,0,0,0.000218390060825676,0,0
"C10",29.013,2026,0.187,0.187,0.187,0.00188330803971403,0.00644538655085651,0.00644538655085651
"C10",29.013,2027,0.118,0,0,0.00124944384511772,0,0
"C10",29.013,2028,0.044,0,0,0.000755761155095598,0,0
"C10",29.013,2029,0.028,0,0,0.00048758784199716,0,0
"C10",29.013,2030,0.018,0,0,0.000316932097298154,0,0
"C10",29.013,2031,0.017,0,0,0.000182845440748935,0,0
"C10",29.013,2032,0.007,0,0,0.00012189696049929,0,0
"C10",29.013,2033,0.007,0,0,9.14227203744675e-05,0,0
"C10",29.013,2034,0.004,0,0,2.4379392099858e-05,0,0
"C10",29.013,2035,0,0,0,0,0,0
"C10",29.013,2036,0,0,0,0,0,0
"C10",29.013,2037,0,0,0,6.0948480249645e-06,0,0
"C10",29.013,2038,0,0,0,6.0948480249645e-06,0,0
"C10",29.013,2039,0,0,0,1.2189696049929e-05,0,0
"C10",29.013,2040,0,0,0,6.0948480249645e-06,0,0
"C10",29.013,2041,0.002,0,0,6.0948480249645e-06,0,0
"C10",29.013,2042,0.002,0,0,1.2189696049929e-05,0,0
"C10",29.013,2043,0,0,0,3.04742401248225e-05,0,0
"C10",29.013,2044,0.003,0,0,4.26639361747515e-05,0,0
"C10",29.013,2045,0,0,0,3.04742401248225e-05,0,0
"C10",29.013,2046,0,0,0,1.82845440748935e-05,0,0
"C10",29.013,2047,0.001,0,0,4.26639361747515e-05,0,0
"C10",29.013,2048,0,0,0,5.48536322246805e-05,0,0
"C10",29.013,2049,0.004,0,0,4.8758784199716e-05,0,0
"C10",29.013,2050,0.002,0,0,5.48536322246805e-05,0,0
"N1",80.884,2026,0.529,0.529,0.529,0,0.00654023045348895,0.00654023045348895
"N1",80.884,2027,0.301,0,1,0,0,0.0123633846001681
"N1",80.884,2028,0.201,0,0,0,0,0
"N1",80.884,2029,0.118,0,0,0,0,0
"N1",80.884,2030,0.076,0,0,0,0,0
"N1",80.884,2031,0.033,0,0,0,0,0
"N1",80.884,2032,0.002,0,0,0,0,0
"N1",80.884,2033,0.001,0,0,0,0,0
"N1",80.884,2034,0,0,0,0,0,0
"N1",80.884,2035,0,0,0,0,0,0
"N1",80.884,2036,0.002,0,0,0,0,0
"N1",80.884,2037,0.002,0,0,0,0,0
"N1",80.884,2038,0.002,0,0,0.000128320287437444,0,0
"N1",80.884,2039,0.002,0,0,0,0,0
"N1",80.884,2040,0.004,0,0,0.000256640574874888,0,0
"N1",80.884,2041,0.009,0,0,0,0,0
"N1",80.884,2042,0.013,0,0,0.000128320287437444,0,0
"N1",80.884,2043,0.01,0,0,0.000769921724624663,0,0
"N1",80.884,2044,0.007,0,0,0.000769921724624663,0,0
"N1",80.884,2045,0.013,0,0,0.000513281149749775,0,0
"N1",80.884,2046,0.012,0,0,0.000898242012062107,0,0
"N1",80.884,2047,0.007,0,0,0.00102656229949955,0,0
"N1",80.884,2048,0.01,0,0,0.00102656229949955,0,0
"N1",80.884,2049,0.013,0,0,0.00115488258693699,0,0
"N1",80.884,2050,0.008,0,0,0.00128320287437444,0,0
"N2",78.543,2026,0.372,0.372,0.372,0.00668665770516665,0.00473625911920859,0.00473625911920859
"N2",78.543,2027,0.232,0,0,0.00417054423878951,0,0
"N2",78.543,2028,0.142,0,0,0.0023093096198256,0,0
"N2",78.543,2029,0.092,0,0,0.00124082307930927,0,0
"N2",78.543,2030,0.07,0,0,0.000792748078447592,0,0
"N2",78.543,2031,0.042,0,0,0.000689346155171819,0,0
"N2",78.543,2032,0.018,0,0,0.000275738462068728,0,0
"N2",78.543,2033,0.009,0,0,0.000241271154310137,0,0
"N2",78.543,2034,0.003,0,0,0.000137869231034364,0,0
"N2",78.543,2035,0.002,0,0,0,0,0
"N2",78.543,2036,0.002,0,0,0,0,0
"N2",78.543,2037,0.004,0,0,0,0,0
"N2",78.543,2038,0.004,0,0,0,0,0
"N2",78.543,2039,0.004,0,0,3.4467307758591e-05,0,0
"N2",78.543,2040,0.01,0,0,3.4467307758591e-05,0,0
"N2",78.543,2041,0.016,0,0,6.8934615517182e-05,0,0
"N2",78.543,2042,0.013,0,0,3.4467307758591e-05,0,0
"N2",78.543,2043,0.009,0,0,0,0,0
"N2",78.543,2044,0.005,0,0,3.4467307758591e-05,0,0
"N2",78.543,2045,0.006,0,0,6.8934615517182e-05,0,0
"N2",78.543,2046,0.007,0,0,0.000103401923275773,0,0
"N2",78.543,2047,0.01,0,0,0.000172336538792955,0,0
"N2",78.543,2048,0.004,0,0,0.000137869231034364,0,0
"N2",78.543,2049,0.004,0,0,0.000241271154310137,0,0
"N2",78.543,2050,0.008,0,0,0.000206803846551546,0,0
"N3",78.786,2026,0.577,0.577,0.577,0.00429352931425098,0.00732363617901658,0.00732363617901658
"N3",78.786,2027,0.363,0,2,0.00266895065480466,0,0.0253852207244942
"N3",78.786,2028,0.287,0,0,0.0017074653257446,0,0
"N3",78.786,2029,0.232,0,0,0.0011769906614356,0,0
"N3",78.786,2030,0.159,0,0,0.000867547107255346,0,0
"N3",78.786,2031,0.102,0,0,0.000574680886334752,0,0
"N3",78.786,2032,0.083,0,0,0.000414433331491407,0,0
"N3",78.786,2033,0.039,0,0,0.000287340443167376,0,0
"N3",78.786,2034,0.032,0,0,0.000187876443609438,0,0
"N3",78.786,2035,0.026,0,0,0.000138144443830469,0,0
"N3",78.786,2036,0.025,0,0,0.00013261866607725,0,0
"N3",78.786,2037,0.027,0,0,0.000149195999336907,0,0
"N3",78.786,2038,0.027,0,0,0.000143670221583688,0,0
"N3",78.786,2039,0.03,0,0,0.000182350665856219,0,0
"N3",78.786,2040,0.03,0,0,0.000193402221362657,0,0
"N3",78.786,2041,0.03,0,0,0.000182350665856219,0,0
"N3",78.786,2042,0.03,0,0,0.000187876443609438,0,0
"N3",78.786,2043,0.03,0,0,0.000176824888103,0,0
"N3",78.786,2044,0.033,0,0,0.000193402221362657,0,0
"N3",78.786,2045,0.039,0,0,0.000221031110128751,0,0
"N3",78.786,2046,0.035,0,0,0.000243134221141626,0,0
"N3",78.786,2047,0.038,0,0,0.000276288887660938,0,0
"N3",78.786,2048,0.037,0,0,0.000259711554401282,0,0
"N3",78.786,2049,0.038,0,0,0.00027076310990772,0,0
"N3",78.786,2050,0.032,0,0,0.000298391998673813,0,0
"N4",93.328,2026,0.508,0.508,0.508,0,0.00544316818103892,0.00544316818103892
"N4",93.328,2027,0.35,0,0,0,0,0
"N4",93.328,2028,0.268,0,0,0,0,0
"N4",93.328,2029,0.196,0,0,0,0,0
"N4",93.328,2030,0.112,0,0,0,0,0
"N4",93.328,2031,0.062,0,0,0,0,0
"N4",93.328,2032,0.045,0,0,0,0,0
"N4",93.328,2033,0.038,0,0,0,0,0
"N4",93.328,2034,0.034,0,0,0,0,0
"N4",93.328,2035,0.024,0,0,0,0,0
"N4",93.328,2036,0.024,0,0,9.33794005042488e-05,0,0
"N4",93.328,2037,0.027,0,0,0.000186758801008498,0,0
"N4",93.328,2038,0.031,0,0,0.000653655803529741,0,0
"N4",93.328,2039,0.04,0,0,0.00121393220655523,0,0
"N4",93.328,2040,0.036,0,0,0.00121393220655523,0,0
"N4",93.328,2041,0.039,0,0,0.00158744980857223,0,0
"N4",93.328,2042,0.039,0,0,0.00224110561210197,0,0
"N4",93.328,2043,0.039,0,0,0.00270800261462321,0,0
"N4",93.328,2044,0.039,0,0,0.00252124381361472,0,0
"N4",93.328,2045,0.043,0,0,0.00298814081613596,0,0
"N4",93.328,2046,0.046,0,0,0.0036417966196657,0,0
"N4",93.328,2047,0.044,0,0,0.00326827901764871,0,0
"N4",93.328,2048,0.042,0,0,0.00429545242319544,0,0
"N4",93.328,2049,0.048,0,0,0.00485572882622094,0,0
"N4",93.328,2050,0.05,0,0,0.00532262582874218,0,0
"N5",79.856,2026,0.514,0.514,0.514,0.00690982063429671,0.00643658585453817,0.00643658585453817
"N5",79.856,2027,0.306,0,2,0.00421002544634545,0,0.0250450811460629
"N5",79.856,2028,0.139,0,0,0.00286529987380268,0,0
"N5",79.856,2029,0.07,0,0,0.00213087283033701,0,0
"N5",79.856,2030,0.045,0,0,0.00155160642985705,0,0
"N5",79.856,2031,0.021,0,0,0.00101371620083994,0,0
"N5",79.856,2032,0.015,0,0,0.000651674700539959,0,0
"N5",79.856,2033,0.008,0,0,0.000444793843225686,0,0
"N5",79.856,2034,0.006,0,0,0.000299977243105695,0,0
"N5",79.856,2035,0.001,0,0,0.000248257028777127,0,0
"N5",79.856,2036,0,0,0,0.000268945114508554,0,0
"N5",79.856,2037,0,0,0,0.000289633200239982,0,0
"N5",79.856,2038,0,0,0,0.000331009371702836,0,0
"N5",79.856,2039,0,0,0,0.000331009371702836,0,0
"N5",79.856,2040,0,0,0,0.000403417671762832,0,0
"N5",79.856,2041,0.003,0,0,0.000465481928957114,0,0
"N5",79.856,2042,0.003,0,0,0.000506858100419968,0,0
"N5",79.856,2043,0.001,0,0,0.000548234271882823,0,0
"N5",79.856,2044,0.004,0,0,0.000610298529077104,0,0
"N5",79.856,2045,0.007,0,0,0.000599954486211391,0,0
"N5",79.856,2046,0.009,0,0,0.000641330657674245,0,0
"N5",79.856,2047,0.011,0,0,0.000703394914868527,0,0
"N5",79.856,2048,0.006,0,0,0.000693050872002814,0,0
"N5",79.856,2049,0.009,0,0,0.000775803214928523,0,0
"N5",79.856,2050,0.017,0,0,0.000827523429257091,0,0
"N6",106.242,2026,0.587,0.587,0.587,0.00653505476239269,0.00552512189153066,0.00552512189153066
"N6",106.242,2027,0.404,0,4,0.00414418106883439,0,0.0376498936390505
"N6",106.242,2028,0.245,0,0,0.00298289956053464,0,0
"N6",106.242,2029,0.188,0,0,0.00201516497028486,0,0
"N6",106.242,2030,0.106,0,0,0.00127513263656443,0,0
"N6",106.242,2031,0.077,0,0,0.000876653687638044,0,0
"N6",106.242,2032,0.059,0,0,0.000557870528496937,0,0
"N6",106.242,2033,0.056,0,0,0.000466789625885193,0,0
"N6",106.242,2034,0.046,0,0,0.000307398046314639,0,0
"N6",106.242,2035,0.043,0,0,0.000273242707835235,0,0
"N6",106.242,2036,0.031,0,0,0.000273242707835235,0,0
"N6",106.242,2037,0.031,0,0,0.000284627820661703,0,0
"N6",106.242,2038,0.035,0,0,0.000296012933488171,0,0
"N6",106.242,2039,0.032,0,0,0.000330168271967575,0,0
"N6",106.242,2040,0.03,0,0,0.000330168271967575,0,0
"N6",106.242,2041,0.044,0,0,0.000352938497620511,0,0
"N6",106.242,2042,0.045,0,0,0.000330168271967575,0,0
"N6",106.242,2043,0.049,0,0,0.00036432361044698,0,0
"N6",106.242,2044,0.057,0,0,0.000432634287405788,0,0
"N6",106.242,2045,0.056,0,0,0.000375708723273448,0,0
"N6",106.242,2046,0.062,0,0,0.000409864061752852,0,0
"N6",106.242,2047,0.064,0,0,0.000409864061752852,0,0
"N6",106.242,2048,0.071,0,0,0.000455404513058724,0,0
"N6",106.242,2049,0.073,0,0,0.000489559851538129,0,0
"N6",106.242,2050,0.083,0,0,0.000535100302844001,0,0
"N7",100.475,2026,0.584,0.584,0.584,0,0.00581239114207514,0.00581239114207514
"N7",100.475,2027,0.351,0,3,0,0,0.0298581736750435
"N7",100.475,2028,0.245,0,0,0,0,0
"N7",100.475,2029,0.176,0,0,0,0,0
"N7",100.475,2030,0.117,0,0,0,0,0
"N7",100.475,2031,0.069,0,0,0,0,0
"N7",100.475,2032,0.031,0,0,0,0,0
"N7",100.475,2033,0.024,0,0,0,0,0
"N7",100.475,2034,0.017,0,0,0,0,0
"N7",100.475,2035,0.02,0,0,0,0,0
"N7",100.475,2036,0.023,0,0,0.000207339829981339,0,0
"N7",100.475,2037,0.028,0,0,0,0,0
"N7",100.475,2038,0.036,0,0,0.000414679659962679,0,0
"N7",100.475,2039,0.045,0,0,0.000207339829981339,0,0
"N7",100.475,2040,0.041,0,0,0.000414679659962679,0,0
"N7",100.475,2041,0.041,0,0,0.000207339829981339,0,0
"N7",100.475,2042,0.047,0,0,0.00165871863985072,0,0
"N7",100.475,2043,0.051,0,0,0.00165871863985072,0,0
"N7",100.475,2044,0.067,0,0,0.00228073812979473,0,0
"N7",100.475,2045,0.075,0,0,0.00331743727970143,0,0
"N7",100.475,2046,0.087,0,0,0.00435413642960813,0,0
"N7",100.475,2047,0.096,0,0,0.00539083557951482,0,0
"N7",100.475,2048,0.111,0,0,0.00559817540949616,0,0
"N7",100.475,2049,0.106,0,0,0.00642753472942152,0,0
"N7",100.475,2050,0.119,0,0,0.0078789135392909,0,0
"N8",163.273,2026,0.754,0.754,0.754,0.00592206122348054,0.00461803237522432,0.00461803237522432
"N8",163.273,2027,0.5,0,5,0.00343702091884674,0,0.0306235568648827
"N8",163.273,2028,0.36,0,4,0.00232431630483161,0,0.0244988454919062
"N8",163.273,2029,0.237,0,0,0.00155778645962119,0,0
"N8",163.273,2030,0.148,0,0,0.000939617229612779,0,0
"N8",163.273,2031,0.104,0,0,0.000494535384006726,0,0
"N8",163.273,2032,0.066,0,0,0.000185450769002522,0,0
"N8",163.273,2033,0.054,0,0,0.000123633846001681,0,0
"N8",163.273,2034,0.051,0,0,7.41803076010089e-05,0,0
"N8",163.273,2035,0.043,0,0,4.94535384006726e-05,0,0
"N8",163.273,2036,0.051,0,0,3.70901538005044e-05,0,0
"N8",163.273,2037,0.054,0,0,4.94535384006726e-05,0,0
"N8",163.273,2038,0.063,0,0,4.94535384006726e-05,0,0
"N8",163.273,2039,0.068,0,0,3.70901538005044e-05,0,0
"N8",163.273,2040,0.069,0,0,7.41803076010089e-05,0,0
"N8",163.273,2041,0.073,0,0,8.6543692201177e-05,0,0
"N8",163.273,2042,0.085,0,0,0.000123633846001681,0,0
"N8",163.273,2043,0.086,0,0,0.000111270461401513,0,0
"N8",163.273,2044,0.094,0,0,9.89070768013451e-05,0,0
"N8",163.273,2045,0.118,0,0,8.6543692201177e-05,0,0
"N8",163.273,2046,0.138,0,0,7.41803076010089e-05,0,0
"N8",163.273,2047,0.161,0,0,4.94535384006726e-05,0,0
"N8",163.273,2048,0.164,0,0,6.18169230008407e-05,0,0
"N8",163.273,2049,0.175,0,0,8.6543692201177e-05,0,0
"N8",163.273,2050,0.207,0,0,6.18169230008407e-05,0,0
"N9",267.695,2026,0.999,0.999,0.999,0.00530919369008059,0.0037318590186593,0.0037318590186593
"N9",267.695,2027,0.635,0,6,0.00345033930458475,0,0.0224135676796354
"N9",267.695,2028,0.473,0,5,0.00231720204219345,0,0.0186779730663628
"N9",267.695,2029,0.283,0,0.0999999999999091,0.00151509364297264,0,0.000373559461326917
"N9",267.695,2030,0.212,0,0,0.00112040538303859,0,0
"N9",267.695,2031,0.121,0,0,0.000623862088282851,0,0
"N9",267.695,2032,0.064,0,0,0.000267369466406936,0,0
"N9",267.695,2033,0.039,0,0,0.000178246310937958,0,0
"N9",267.695,2034,0.033,0,0,0.00010185503482169,0,0
"N9",267.695,2035,0.03,0,0,7.63912761162675e-05,0,0
"N9",267.695,2036,0.03,0,0,7.63912761162675e-05,0,0
"N9",267.695,2037,0.028,0,0,8.91231554689788e-05,0,0
"N9",267.695,2038,0.032,0,0,0.00010185503482169,0,0
"N9",267.695,2039,0.036,0,0,0.000140050672879824,0,0
"N9",267.695,2040,0.042,0,0,0.000140050672879824,0,0
"N9",267.695,2041,0.048,0,0,0.000165514431585246,0,0
"N9",267.695,2042,0.058,0,0,0.000178246310937958,0,0
"N9",267.695,2043,0.08,0,0,0.000152782552232535,0,0
"N9",267.695,2044,0.09,0,0,0.000152782552232535,0,0
"N9",267.695,2045,0.095,0,0,0.000152782552232535,0,0
"N9",267.695,2046,0.115,0,0,0.000140050672879824,0,0
"N9",267.695,2047,0.131,0,0,0.000178246310937958,0,0
"N9",267.695,2048,0.165,0,0,0.000152782552232535,0,0
"N9",267.695,2049,0.19,0,0,0.000140050672879824,0,0
"N9",267.695,2050,0.196,0,0,0.000140050672879824,0,0
"SE1",1.737,2026,0,0,0,0,0,0
"SE1",1.737,2027,0,0,0,0,0,0
"SE1",1.737,2028,0,0,0,0,0,0
"SE1",1.737,2029,0,0,0,0,0,0
"SE1",1.737,2030,0,0,0,0,0,0
"SE1",1.737,2031,0,0,0,0,0,0
"SE1",1.737,2032,0,0,0,0,0,0
"SE1",1.737,2033,0,0,0,0,0,0
"SE1",1.737,2034,0,0,0,0,0,0
"SE1",1.737,2035,0.006,0,0,0,0,0
"SE1",1.737,2036,0.014,0,0,0,0,0
"SE1",1.737,2037,0.022,0,0,0,0,0
"SE1",1.737,2038,0.032,0,0,0.00028169014084507,0,0
"SE1",1.737,2039,0.078,0,1,0.00028169014084507,0,0.575705238917674
"SE1",1.737,2040,0.109,0,1,0.000563380281690141,0,0.575705238917674
"SE1",1.737,2041,0.155,0,1,0.000845070422535211,0,0.575705238917674
"SE1",1.737,2042,0.202,0,2,0.00028169014084507,0,1.15141047783535
"SE1",1.737,2043,0.301,0,2,0.00112676056338028,0,1.15141047783535
"SE1",1.737,2044,0.487,0,3,0.000845070422535211,0,1.72711571675302
"SE1",1.737,2045,0.791,0,4,0.00112676056338028,0,2.3028209556707
"SE1",1.737,2046,1.223,0,5,0.00225352112676056,0,2.87852619458837
"SE1",1.737,2047,1.955,0,7,0.00197183098591549,0,4.02993667242372
"SE1",1.737,2048,2.716,0,9,0.00197183098591549,0,5.18134715025907
"SE1",1.737,2049,3.644,0,11,0.00225352112676056,0,6.33275762809442
"SE1",1.737,2050,4.607,0,13,0.00197183098591549,0,7.48416810592976
"SE2",44.092,2026,0,0,0,0.00689208742670018,0,0
"SE2",44.092,2027,0,0,0,0.00437895057497525,0,0
"SE2",44.092,2028,0,0,0,0.00322392303201076,0,0
"SE2",44.092,2029,0,0,0,0.00233544030665347,0,0
"SE2",44.092,2030,0,0,0,0.00162465412636763,0,0
"SE2",44.092,2031,0,0,0,0.00101540882897977,0,0
"SE2",44.092,2032,0,0,0,0.000748864011372579,0,0
"SE2",44.092,2033,0,0,0,0.000418856141954154,0,0
"SE2",44.092,2034,0,0,0,0.000317315259056178,0,0
"SE2",44.092,2035,0.001,0,0,0.000177696545071459,0,0
"SE2",44.092,2036,0.003,0,0,0.000152311324346965,0,0
"SE2",44.092,2037,0.014,0,0,0.000152311324346965,0,0
"SE2",44.092,2038,0.015,0,0,0.000165003934709212,0,0
"SE2",44.092,2039,0.019,0,0,0.000177696545071459,0,0
"SE2",44.092,2040,0.038,0,0,0.000203081765795954,0,0
"SE2",44.092,2041,0.047,0,0,0.000190389155433706,0,0
"SE2",44.092,2042,0.051,0,0,0.000165003934709212,0,0
"SE2",44.092,2043,0.063,0,0,0.000190389155433706,0,0
"SE2",44.092,2044,0.079,0,0,0.000190389155433706,0,0
"SE2",44.092,2045,0.112,0,1,0.000203081765795954,0,0.022679851220176
"SE2",44.092,2046,0.152,0,1,0.000190389155433706,0,0.022679851220176
"SE2",44.092,2047,0.193,0,1,0.000203081765795954,0,0.022679851220176
"SE2",44.092,2048,0.201,0,1,0.000190389155433706,0,0.022679851220176
"SE2",44.092,2049,0.253,0,2,0.000165003934709212,0,0.045359702440352
"SE2",44.092,2050,0.324,0,2,0.000165003934709212,0,0.045359702440352
"CE1",18.282,2026,0,0,0,0,0,0
"CE1",18.282,2027,0,0,0,0,0,0
"CE1",18.282,2028,0,0,0,0,0,0
"CE1",18.282,2029,0,0,0,0,0,0
"CE1",18.282,2030,0,0,0,0,0,0
"CE1",18.282,2031,0,0,0,0,0,0
"CE1",18.282,2032,0,0,0,0,0,0
"CE1",18.282,2033,0,0,0,0,0,0
"CE1",18.282,2034,0,0,0,0,0,0
"CE1",18.282,2035,0,0,0,0,0,0
"CE1",18.282,2036,0,0,0,0,0,0
"CE1",18.282,2037,0.004,0,0,0,0,0
"CE1",18.282,2038,0.004,0,0,0,0,0
"CE1",18.282,2039,0.007,0,0,0,0,0
"CE1",18.282,2040,0.002,0,0,0,0,0
"CE1",18.282,2041,0.006,0,0,0.000105574324324324,0,0
"CE1",18.282,2042,0.005,0,0,0.000105574324324324,0,0
"CE1",18.282,2043,0.002,0,0,0.000211148648648649,0,0
"CE1",18.282,2044,0.01,0,0,0.000105574324324324,0,0
"CE1",18.282,2045,0.011,0,0,0.000105574324324324,0,0
"CE1",18.282,2046,0.02,0,0,0.000211148648648649,0,0
"CE1",18.282,2047,0.021,0,0,0.000422297297297297,0,0
"CE1",18.282,2048,0.04,0,0,0.000527871621621622,0,0
"CE1",18.282,2049,0.04,0,0,0.00073902027027027,0,0
"CE1",18.282,2050,0.046,0,0,0.00105574324324324,0,0
"CE2",8.295,2026,0,0,0,0.00612892165266587,0,0
"CE2",8.295,2027,0,0,0,0.0039645122578433,0,0
"CE2",8.295,2028,0,0,0,0.00286087776444368,0,0
"CE2",8.295,2029,0,0,0,0.00221798388479342,0,0
"CE2",8.295,2030,0,0,0,0.00127507286130636,0,0
"CE2",8.295,2031,0,0,0,0.000632178981656095,0,0
"CE2",8.295,2032,0,0,0,0.000342876735813475,0,0
"CE2",8.295,2033,0,0,0,0.000182153265900909,0,0
"CE2",8.295,2034,0,0,0,0.000160723469912566,0,0
"CE2",8.295,2035,0,0,0,6.42893879650266e-05,0,0
"CE2",8.295,2036,0.004,0,0,6.42893879650266e-05,0,0
"CE2",8.295,2037,0.004,0,0,7.50042859591977e-05,0,0
"CE2",8.295,2038,0.007,0,0,8.57191839533688e-05,0,0
"CE2",8.295,2039,0.013,0,0,0.000107148979941711,0,0
"CE2",8.295,2040,0.011,0,0,9.64340819475399e-05,0,0
"CE2",8.295,2041,0.017,0,0,0.000107148979941711,0,0
"CE2",8.295,2042,0.017,0,0,0.000107148979941711,0,0
"CE2",8.295,2043,0.019,0,0,0.000107148979941711,0,0
"CE2",8.295,2044,0.018,0,0,0.000107148979941711,0,0
"CE2",8.295,2045,0.018,0,0,0.000117863877935882,0,0
"CE2",8.295,2046,0.022,0,0,0.000139293673924224,0,0
"CE2",8.295,2047,0.03,0,0,0.000139293673924224,0,0
"CE2",8.295,2048,0.042,0,0,0.000139293673924224,0,0
"CE2",8.295,2049,0.051,0,0,0.000171438367906738,0,0
"CE2",8.295,2050,0.065,0,0,0.000171438367906738,0,0
"CE3",7.793,2026,0,0,0,0,0,0
"CE3",7.793,2027,0,0,0,0,0,0
"CE3",7.793,2028,0,0,0,0,0,0
"CE3",7.793,2029,0,0,0,0,0,0
"CE3",7.793,2030,0,0,0,0,0,0
"CE3",7.793,2031,0,0,0,0,0,0
"CE3",7.793,2032,0,0,0,0,0,0
"CE3",7.793,2033,0,0,0,0,0,0
"CE3",7.793,2034,0,0,0,0,0,0
"CE3",7.793,2035,0,0,0,0,0,0
"CE3",7.793,2036,0,0,0,0,0,0
"CE3",7.793,2037,0,0,0,0,0,0
"CE3",7.793,2038,0.002,0,0,0,0,0
"CE3",7.793,2039,0,0,0,0,0,0
"CE3",7.793,2040,0.001,0,0,0,0,0
"CE3",7.793,2041,0,0,0,2.72576116880639e-05,0,0
"CE3",7.793,2042,0,0,0,0,0,0
"CE3",7.793,2043,0.004,0,0,0,0,0
"CE3",7.793,2044,0.003,0,0,0,0,0
"CE3",7.793,2045,0.003,0,0,0,0,0
"CE3",7.793,2046,0.006,0,0,2.72576116880639e-05,0,0
"CE3",7.793,2047,0.005,0,0,8.17728350641917e-05,0,0
"CE3",7.793,2048,0.004,0,0,5.45152233761278e-05,0,0
"CE3",7.793,2049,0.003,0,0,5.45152233761278e-05,0,0
"CE3",7.793,2050,0.008,0,0,0.000163545670128383,0,0
"CE4",10.709,2026,0,0,0,0.00634892807052695,0,0
"CE4",10.709,2027,0,0,0,0.00366910438789822,0,0
"CE4",10.709,2028,0,0,0,0.00192847124824684,0,0
"CE4",10.709,2029,0,0,0,0.00125225405730315,0,0
"CE4",10.709,2030,0,0,0,0.000914145461831296,0,0
"CE4",10.709,2031,0,0,0,0.000475856541775195,0,0
"CE4",10.709,2032,0,0,0,0.000275495892606692,0,0
"CE4",10.709,2033,0,0,0,0.000162793027449409,0,0
"CE4",10.709,2034,0,0,0,6.26127028651573e-05,0,0
"CE4",10.709,2035,0,0,0,2.50450811460629e-05,0,0
"CE4",10.709,2036,0.002,0,0,1.25225405730315e-05,0,0
"CE4",10.709,2037,0.004,0,0,1.25225405730315e-05,0,0
"CE4",10.709,2038,0.01,0,0,1.25225405730315e-05,0,0
"CE4",10.709,2039,0.016,0,0,1.25225405730315e-05,0,0
"CE4",10.709,2040,0.016,0,0,1.25225405730315e-05,0,0
"CE4",10.709,2041,0.022,0,0,2.50450811460629e-05,0,0
"CE4",10.709,2042,0.024,0,0,2.50450811460629e-05,0,0
"CE4",10.709,2043,0.027,0,0,2.50450811460629e-05,0,0
"CE4",10.709,2044,0.018,0,0,3.75676217190944e-05,0,0
"CE4",10.709,2045,0.025,0,0,3.75676217190944e-05,0,0
"CE4",10.709,2046,0.03,0,0,6.26127028651573e-05,0,0
"CE4",10.709,2047,0.024,0,0,7.51352434381887e-05,0,0
"CE4",10.709,2048,0.03,0,0,5.00901622921258e-05,0,0
"CE4",10.709,2049,0.038,0,0,6.26127028651573e-05,0,0
"CE4",10.709,2050,0.04,0,0,0.000112702865157283,0,0
"CE5",4.823,2026,0,0,0,0.00470623670488131,0,0
"CE5",4.823,2027,0,0,0,0.0030214039645338,0,0
"CE5",4.823,2028,0,0,0,0.00194838199582086,0,0
"CE5",4.823,2029,0,0,0,0.00144010843169368,0,0
"CE5",4.823,2030,0,0,0,0.000884772500517686,0,0
"CE5",4.823,2031,0,0,0,0.000555335931175994,0,0
"CE5",4.823,2032,0,0,0,0.000338849042751454,0,0
"CE5",4.823,2033,0,0,0,0.000272961728883116,0,0
"CE5",4.823,2034,0,0,0,0.000225899361834303,0,0
"CE5",4.823,2035,0,0,0,0.00017883699478549,0,0
"CE5",4.823,2036,0.002,0,0,0.000122362154326914,0,0
"CE5",4.823,2037,0,0,0,0.000122362154326914,0,0
"CE5",4.823,2038,0.004,0,0,0.000131774627736677,0,0
"CE5",4.823,2039,0.002,0,0,0.000122362154326914,0,0
"CE5",4.823,2040,0.002,0,0,0.000122362154326914,0,0
"CE5",4.823,2041,0.001,0,0,0.000188249468195252,0,0
"CE5",4.823,2042,0.012,0,0,0.000188249468195252,0,0
"CE5",4.823,2043,0.006,0,0,0.00021648688842454,0,0
"CE5",4.823,2044,0.008,0,0,0.000263549255473353,0,0
"CE5",4.823,2045,0.016,0,0,0.000272961728883116,0,0
"CE5",4.823,2046,0.023,0,0,0.000282374202292879,0,0
"CE5",4.823,2047,0.027,0,0,0.000301199149112404,0,0
"CE5",4.823,2048,0.032,0,0,0.000329436569341692,0,0
"CE5",4.823,2049,0.037,0,0,0.000357673989570979,0,0
"CE5",4.823,2050,0.045,0,0,0.000423561303439318,0,0
"NE1",3.55,2026,0,0,0,0,0,0
"NE1",3.55,2027,0,0,0,0,0,0
"NE1",3.55,2028,0,0,0,0,0,0
"NE1",3.55,2029,0,0,0,0,0,0
"NE1",3.55,2030,0,0,0,0,0,0
"NE1",3.55,2031,0,0,0,0,0,0
"NE1",3.55,2032,0,0,0,0,0,0
"NE1",3.55,2033,0,0,0,0,0,0
"NE1",3.55,2034,0,0,0,0,0,0
"NE1",3.55,2035,0,0,0,0,0,0
"NE1",3.55,2036,0,0,0,0,0,0
"NE1",3.55,2037,0,0,0,0,0,0
"NE1",3.55,2038,0.003,0,0,0,0,0
"NE1",3.55,2039,0.003,0,0,0,0,0
"NE1",3.55,2040,0.003,0,0,0,0,0
"NE1",3.55,2041,0.006,0,0,0,0,0
"NE1",3.55,2042,0.003,0,0,0,0,0
"NE1",3.55,2043,0.005,0,0,0.000214500214500215,0,0
"NE1",3.55,2044,0.003,0,0,0.000536250536250536,0,0
"NE1",3.55,2045,0.001,0,0,0.000750750750750751,0,0
"NE1",3.55,2046,0.007,0,0,0.00107250107250107,0,0
"NE1",3.55,2047,0.006,0,0,0.00117975117975118,0,0
"NE1",3.55,2048,0.009,0,0,0.00107250107250107,0,0
"NE1",3.55,2049,0.012,0,0,0.000965250965250965,0,0
"NE1",3.55,2050,0.011,0,0,0.0015015015015015,0,0
"NE2",9.472,2026,0,0,0,0.00631998009455088,0,0
"NE2",9.472,2027,0,0,0,0.00394127892510575,0,0
"NE2",9.472,2028,0,0,0,0.00274695197810401,0,0
"NE2",9.472,2029,0,0,0,0.00199054491166957,0,0
"NE2",9.472,2030,0,0,0,0.00141328688728539,0,0
"NE2",9.472,2031,0,0,0,0.000836028862901219,0,0
"NE2",9.472,2032,0,0,0,0.00050758895247574,0,0
"NE2",9.472,2033,0,0,0,0.000348345359542175,0,0
"NE2",9.472,2034,0,0,0,0.000218959940283653,0,0
"NE2",9.472,2035,0,0,0,0.000199054491166957,0,0
"NE2",9.472,2036,0,0,0,0.000209007215725305,0,0
"NE2",9.472,2037,0,0,0,0.000248818113958696,0,0
"NE2",9.472,2038,0,0,0,0.000308534461308783,0,0
"NE2",9.472,2039,0,0,0,0.000388156257775566,0,0
"NE2",9.472,2040,0,0,0,0.000358298084100523,0,0
"NE2",9.472,2041,0.004,0,0,0.000378203533217218,0,0
"NE2",9.472,2042,0.004,0,0,0.000457825329684001,0,0
"NE2",9.472,2043,0.008,0,0,0.000477730778800697,0,0
"NE2",9.472,2044,0.004,0,0,0.000587210748942523,0,0
"NE2",9.472,2045,0.004,0,0,0.000676785269967654,0,0
"NE2",9.472,2046,0.008,0,0,0.000776312515551132,0,0
"NE2",9.472,2047,0.016,0,0,0.000855934312017915,0,0
"NE2",9.472,2048,0.018,0,0,0.000995272455834785,0,0
"NE2",9.472,2049,0.024,0,0,0.00102513062950983,0,0
"NE2",9.472,2050,0.028,0,0,0.00112465787509331,0,0
"NE3",36.687,2026,0,0,0,0.00486302083014338,0,0
"NE3",36.687,2027,0,0,0,0.00306235568648827,0,0
"NE3",36.687,2028,0,0,0,0.00199665590759035,0,0
"NE3",36.687,2029,0,0,0,0.00136581063617377,0,0
"NE3",36.687,2030,0,0,0,0.00086970901496267,0,0
"NE3",36.687,2031,0,0,0,0.000630845271416585,0,0
"NE3",36.687,2032,0,0,0,0.000477727487092171,0,0
"NE3",36.687,2033,0,0,0,0.000318484991394781,0,0
"NE3",36.687,2034,0,0,0,0.000281736723156921,0,0
"NE3",36.687,2035,0,0,0,0.000251113166292038,0,0
"NE3",36.687,2036,0,0,0,0.000263362589037992,0,0
"NE3",36.687,2037,0,0,0,0.000287861434529898,0,0
"NE3",36.687,2038,0,0,0,0.000349108548259663,0,0
"NE3",36.687,2039,0,0,0,0.000410355661989429,0,0
"NE3",36.687,2040,0,0,0,0.000434854507481335,0,0
"NE3",36.687,2041,0.004,0,0,0.000447103930227288,0,0
"NE3",36.687,2042,0,0,0,0.000502226332584077,0,0
"NE3",36.687,2043,0,0,0,0.000526725178075983,0,0
"NE3",36.687,2044,0,0,0,0.000618595848670631,0,0
"NE3",36.687,2045,0,0,0,0.000741090076130162,0,0
"NE3",36.687,2046,0.001,0,0,0.000832960746724811,0,0
"NE3",36.687,2047,0.008,0,0,0.000973829108303271,0,0
"NE3",36.687,2048,0.006,0,0,0.00100445266516815,0,0
"NE3",36.687,2049,0.006,0,0,0.00104732564477899,0,0
"NE3",36.687,2050,0.016,0,0,0.00120656814047638,0,0
"NE4",9.324,2026,0,0,0,0.00355255047722221,0,0
"NE4",9.324,2027,0,0,0,0.00223762117335027,0,0
"NE4",9.324,2028,0,0,0,0.00160257008909393,0,0
"NE4",9.324,2029,0,0,0,0.00102355292403668,0,0
"NE4",9.324,2030,0,0,0,0.000762061301107604,0,0
"NE4",9.324,2031,0,0,0,0.000448271353592708,0,0
"NE4",9.324,2032,0,0,0,0.000231606866022899,0,0
"NE4",9.324,2033,0,0,0,0.000134481406077812,0,0
"NE4",9.324,2034,0,0,0,0.000104596649171632,0,0
"NE4",9.324,2035,0,0,0,8.96542707185416e-05,0,0
"NE4",9.324,2036,0,0,0,9.33898653318142e-05,0,0
"NE4",9.324,2037,0,0,0,9.33898653318142e-05,0,0
"NE4",9.324,2038,0,0,0,0.000100861054558359,0,0
"NE4",9.324,2039,0,0,0,0.000104596649171632,0,0
"NE4",9.324,2040,0,0,0,0.000119539027624722,0,0
"NE4",9.324,2041,0,0,0,0.000138217000691085,0,0
"NE4",9.324,2042,0,0,0,0.000164366162983993,0,0
"NE4",9.324,2043,0.004,0,0,0.000235342460636172,0,0
"NE4",9.324,2044,0.007,0,0,0.000265227217542352,0,0
"NE4",9.324,2045,0.011,0,0,0.000295111974448533,0,0
"NE4",9.324,2046,0.018,0,0,0.000347410299034349,0,0
"NE4",9.324,2047,0.017,0,0,0.000369823866713984,0,0
"NE4",9.324,2048,0.012,0,0,0.000459478137432526,0,0
"NE4",9.324,2049,0.013,0,0,0.000508040867405069,0,0
"NE4",9.324,2050,0.02,0,0,0.00053792562431125,0,0
"NE5",363.228,2026,0,0,0,0,0,0
"NE5",363.228,2027,0,0,0,0,0,0
"NE5",363.228,2028,0,0,0,0,0,0
"NE5",363.228,2029,0,0,0,0,0,0
"NE5",363.228,2030,0,0,0,0,0,0
"NE5",363.228,2031,0,0,0,0,0,0
"NE5",363.228,2032,0,0,0,0,0,0
"NE5",363.228,2033,0,0,0,0,0,0
"NE5",363.228,2034,0,0,0,0,0,0
"NE5",363.228,2035,0,0,0,0,0,0
"NE5",363.228,2036,0,0,0,0,0,0
"NE5",363.228,2037,0,0,0,0,0,0
"NE5",363.228,2038,0,0,0,2.75309172200381e-06,0,0
"NE5",363.228,2039,0,0,0,0,0,0
"NE5",363.228,2040,0,0,0,0,0,0
"NE5",363.228,2041,0.004,0,0,5.50618344400762e-06,0,0
"NE5",363.228,2042,0.008,0,0,1.37654586100191e-05,0,0
"NE5",363.228,2043,0.006,0,0,8.25927516601143e-06,0,0
"NE5",363.228,2044,0.004,0,0,5.50618344400762e-06,0,0
"NE5",363.228,2045,0.002,0,0,5.50618344400762e-06,0,0
"NE5",363.228,2046,0.003,0,0,5.50618344400762e-06,0,0
"NE5",363.228,2047,0.006,0,0,1.65185503320229e-05,0,0
"NE5",363.228,2048,0.01,0,0,2.75309172200381e-05,0,0
"NE5",363.228,2049,0.023,0,0,4.95556509960686e-05,0,0
"NE5",363.228,2050,0.041,0,0,7.15803847720991e-05,0,0
