<?xml version="1.0" encoding="UTF-8" standalone="yes"?>
<ns3:systemMetadata xmlns:ns2="http://ns.dataone.org/service/types/v1" xmlns:ns3="http://ns.dataone.org/service/types/v2.0">
    <serialVersion>3</serialVersion>
    <identifier>resourceMap_pisco_recruitment.123.1</identifier>
    <formatId>http://www.openarchives.org/ore/terms</formatId>
    <size>5128</size>
    <checksum algorithm="MD5">fe6014d3c163052a9ab0f6ed2a787a8b</checksum>
    <submitter>uid=frenockm,o=PISCO,dc=ecoinformatics,dc=org</submitter>
    <rightsHolder>uid=frenockm,o=PISCO,dc=ecoinformatics,dc=org</rightsHolder>
    <accessPolicy>
        <allow>
            <subject>cn=pisco-intertidal-write,o=PISCOGROUPS,dc=ecoinformatics,dc=org</subject>
            <permission>read</permission>
            <permission>write</permission>
            <permission>changePermission</permission>
        </allow>
        <allow>
            <subject>public</subject>
            <permission>read</permission>
        </allow>
        <allow>
            <subject>CN=PISCO-data-managers,DC=dataone,DC=org</subject>
            <permission>read</permission>
            <permission>write</permission>
            <permission>changePermission</permission>
        </allow>
    </accessPolicy>
    <replicationPolicy replicationAllowed="false"/>
    <archived>false</archived>
    <dateUploaded>2009-01-07T00:00:00.000+00:00</dateUploaded>
    <dateSysMetadataModified>2020-02-28T19:04:34.107+00:00</dateSysMetadataModified>
    <originMemberNode>urn:node:PISCO</originMemberNode>
    <authoritativeMemberNode>urn:node:PISCO</authoritativeMemberNode>
    <replica>
        <replicaMemberNode>urn:node:CN</replicaMemberNode>
        <replicationStatus>completed</replicationStatus>
        <replicaVerified>2017-02-24T04:06:37.122+00:00</replicaVerified>
    </replica>
    <replica>
        <replicaMemberNode>urn:node:PISCO</replicaMemberNode>
        <replicationStatus>completed</replicationStatus>
        <replicaVerified>2017-10-02T13:15:42.277+00:00</replicaVerified>
    </replica>
</ns3:systemMetadata>
