<rdf:RDF
    xmlns:dcterms="http://purl.org/dc/terms/"
    xmlns:dc="http://purl.org/dc/elements/1.1/"
    xmlns:rdf="http://www.w3.org/1999/02/22-rdf-syntax-ns#"
    xmlns:j.0="http://purl.org/spar/cito/"
    xmlns:owl="http://www.w3.org/2002/07/owl#"
    xmlns:ore="http://www.openarchives.org/ore/terms/"
    xmlns:foaf="http://xmlns.com/foaf/0.1/" > 
  <rdf:Description rdf:about="https://cn.dataone.org/cn/v1/resolve/resourceMap_pisco_recruitment.153.1">
    <dcterms:modified rdf:datatype="http://www.w3.org/2001/XMLSchema#dateTime">2012-08-24T20:46:54.160-07:00</dcterms:modified>
    <ore:describes rdf:resource="https://cn.dataone.org/cn/v1/resolve/resourceMap_pisco_recruitment.153.1#aggregation"/>
    <rdf:type rdf:resource="http://www.openarchives.org/ore/terms/ResourceMap"/>
    <dc:creator rdf:nodeID="A0"/>
    <dcterms:identifier rdf:datatype="http://www.w3.org/2001/XMLSchema#string">resourceMap_pisco_recruitment.153.1</dcterms:identifier>
  </rdf:Description>
  <rdf:Description rdf:about="https://cn.dataone.org/cn/v1/resolve/doi:10.6085%2FAA%2Fpisco_recruitment.121.1">
    <ore:isAggregatedBy>https://cn.dataone.org/cn/v1/resolve/resourceMap_pisco_recruitment.153.1#aggregation</ore:isAggregatedBy>
    <dcterms:identifier rdf:datatype="http://www.w3.org/2001/XMLSchema#string">doi:10.6085/AA/pisco_recruitment.121.1</dcterms:identifier>
    <j.0:isDocumentedBy rdf:resource="https://cn.dataone.org/cn/v1/resolve/doi:10.6085%2FAA%2Fpisco_recruitment.153.1"/>
  </rdf:Description>
  <rdf:Description rdf:about="https://cn.dataone.org/cn/v1/resolve/doi:10.6085%2FAA%2Fpisco_recruitment.120.1">
    <ore:isAggregatedBy>https://cn.dataone.org/cn/v1/resolve/resourceMap_pisco_recruitment.153.1#aggregation</ore:isAggregatedBy>
    <dcterms:identifier rdf:datatype="http://www.w3.org/2001/XMLSchema#string">doi:10.6085/AA/pisco_recruitment.120.1</dcterms:identifier>
    <j.0:isDocumentedBy rdf:resource="https://cn.dataone.org/cn/v1/resolve/doi:10.6085%2FAA%2Fpisco_recruitment.153.1"/>
  </rdf:Description>
  <rdf:Description rdf:about="https://cn.dataone.org/cn/v1/resolve/doi:10.6085%2FAA%2Fpisco_recruitment.122.1">
    <ore:isAggregatedBy>https://cn.dataone.org/cn/v1/resolve/resourceMap_pisco_recruitment.153.1#aggregation</ore:isAggregatedBy>
    <dcterms:identifier rdf:datatype="http://www.w3.org/2001/XMLSchema#string">doi:10.6085/AA/pisco_recruitment.122.1</dcterms:identifier>
    <j.0:isDocumentedBy rdf:resource="https://cn.dataone.org/cn/v1/resolve/doi:10.6085%2FAA%2Fpisco_recruitment.153.1"/>
  </rdf:Description>
  <rdf:Description rdf:nodeID="A0">
    <foaf:name rdf:datatype="http://www.w3.org/2001/XMLSchema#string">Java libclient</foaf:name>
    <rdf:type rdf:resource="http://purl.org/dc/terms/Agent"/>
  </rdf:Description>
  <rdf:Description rdf:about="https://cn.dataone.org/cn/v1/resolve/doi:10.6085%2FAA%2Fpisco_recruitment.154.1">
    <ore:isAggregatedBy>https://cn.dataone.org/cn/v1/resolve/resourceMap_pisco_recruitment.153.1#aggregation</ore:isAggregatedBy>
    <dcterms:identifier rdf:datatype="http://www.w3.org/2001/XMLSchema#string">doi:10.6085/AA/pisco_recruitment.154.1</dcterms:identifier>
    <j.0:isDocumentedBy rdf:resource="https://cn.dataone.org/cn/v1/resolve/doi:10.6085%2FAA%2Fpisco_recruitment.153.1"/>
  </rdf:Description>
  <rdf:Description rdf:about="https://cn.dataone.org/cn/v1/resolve/resourceMap_pisco_recruitment.153.1#aggregation">
    <rdf:type rdf:resource="http://www.openarchives.org/ore/terms/Aggregation"/>
    <ore:isDescribedBy rdf:resource="https://cn.dataone.org/cn/v1/resolve/resourceMap_pisco_recruitment.153.1"/>
    <dc:title>DataONE Aggregation</dc:title>
    <ore:aggregates rdf:resource="https://cn.dataone.org/cn/v1/resolve/doi:10.6085%2FAA%2Fpisco_recruitment.153.1"/>
    <ore:aggregates rdf:resource="https://cn.dataone.org/cn/v1/resolve/doi:10.6085%2FAA%2Fpisco_recruitment.154.1"/>
    <ore:aggregates rdf:resource="https://cn.dataone.org/cn/v1/resolve/doi:10.6085%2FAA%2Fpisco_recruitment.120.1"/>
    <ore:aggregates rdf:resource="https://cn.dataone.org/cn/v1/resolve/doi:10.6085%2FAA%2Fpisco_recruitment.121.1"/>
    <ore:aggregates rdf:resource="https://cn.dataone.org/cn/v1/resolve/doi:10.6085%2FAA%2Fpisco_recruitment.122.1"/>
  </rdf:Description>
  <rdf:Description rdf:about="https://cn.dataone.org/cn/v1/resolve/doi:10.6085%2FAA%2Fpisco_recruitment.153.1">
    <ore:isAggregatedBy>https://cn.dataone.org/cn/v1/resolve/resourceMap_pisco_recruitment.153.1#aggregation</ore:isAggregatedBy>
    <dcterms:identifier rdf:datatype="http://www.w3.org/2001/XMLSchema#string">doi:10.6085/AA/pisco_recruitment.153.1</dcterms:identifier>
    <j.0:documents rdf:resource="https://cn.dataone.org/cn/v1/resolve/doi:10.6085%2FAA%2Fpisco_recruitment.154.1"/>
    <j.0:documents rdf:resource="https://cn.dataone.org/cn/v1/resolve/doi:10.6085%2FAA%2Fpisco_recruitment.120.1"/>
    <j.0:documents rdf:resource="https://cn.dataone.org/cn/v1/resolve/doi:10.6085%2FAA%2Fpisco_recruitment.121.1"/>
    <j.0:documents rdf:resource="https://cn.dataone.org/cn/v1/resolve/doi:10.6085%2FAA%2Fpisco_recruitment.122.1"/>
  </rdf:Description>
</rdf:RDF>
