<?xml version="1.0" encoding="UTF-8" standalone="yes"?>
<ns3:systemMetadata xmlns:ns2="http://ns.dataone.org/service/types/v1" xmlns:ns3="http://ns.dataone.org/service/types/v2.0">
    <serialVersion>5</serialVersion>
    <identifier>doi:10.6085/AA/pisco_recruitment.146.1</identifier>
    <formatId>application/octet-stream</formatId>
    <size>155934</size>
    <checksum algorithm="MD5">1df5347a3eabf66be850953b15725bf4</checksum>
    <submitter>uid=frenockm,o=PISCO,dc=ecoinformatics,dc=org</submitter>
    <rightsHolder>uid=frenockm,o=PISCO,dc=ecoinformatics,dc=org</rightsHolder>
    <accessPolicy>
        <allow>
            <subject>CN=PISCO-data-managers,DC=dataone,DC=org</subject>
            <permission>read</permission>
            <permission>write</permission>
            <permission>changePermission</permission>
        </allow>
        <allow>
            <subject>cn=pisco-intertidal-write,o=PISCOGROUPS,dc=ecoinformatics,dc=org</subject>
            <permission>read</permission>
            <permission>write</permission>
            <permission>changePermission</permission>
        </allow>
        <allow>
            <subject>public</subject>
            <permission>read</permission>
        </allow>
    </accessPolicy>
    <replicationPolicy replicationAllowed="true" numberReplicas="1">
        <preferredMemberNode>urn:node:KNB</preferredMemberNode>
        <preferredMemberNode>urn:node:KNB</preferredMemberNode>
    </replicationPolicy>
    <archived>false</archived>
    <dateUploaded>2009-01-07T00:00:00.000+00:00</dateUploaded>
    <dateSysMetadataModified>2020-02-28T04:22:31.038+00:00</dateSysMetadataModified>
    <originMemberNode>urn:node:PISCO</originMemberNode>
    <authoritativeMemberNode>urn:node:PISCO</authoritativeMemberNode>
    <replica>
        <replicaMemberNode>urn:node:PISCO</replicaMemberNode>
        <replicationStatus>completed</replicationStatus>
        <replicaVerified>2016-03-11T12:03:34.961+00:00</replicaVerified>
    </replica>
    <replica>
        <replicaMemberNode>urn:node:KNB</replicaMemberNode>
        <replicationStatus>completed</replicationStatus>
        <replicaVerified>2016-03-11T12:04:05.827+00:00</replicaVerified>
    </replica>
    <replica>
        <replicaMemberNode>urn:node:PISCO</replicaMemberNode>
        <replicationStatus>completed</replicationStatus>
        <replicaVerified>2016-03-11T12:03:34.961+00:00</replicaVerified>
    </replica>
    <replica>
        <replicaMemberNode>urn:node:KNB</replicaMemberNode>
        <replicationStatus>completed</replicationStatus>
        <replicaVerified>2016-03-11T12:04:05.827+00:00</replicaVerified>
    </replica>
    <replica>
        <replicaMemberNode>urn:node:PISCO</replicaMemberNode>
        <replicationStatus>completed</replicationStatus>
        <replicaVerified>2016-03-11T12:03:34.961+00:00</replicaVerified>
    </replica>
    <replica>
        <replicaMemberNode>urn:node:KNB</replicaMemberNode>
        <replicationStatus>completed</replicationStatus>
        <replicaVerified>2016-03-11T12:04:05.827+00:00</replicaVerified>
    </replica>
</ns3:systemMetadata>
