id,long,lat,order,hole,piece,group,left,top,right,bottom,Segment,Estry,Region,Kdens_md,Kdens_mn,AREA,Kval_md,Kval_mn
1343,-124.6210223,42.86203018,8123,FALSE,1,1343.1,367018.6895,4747768.112,368173.39,4746768.112,S6,0,S,0.04326972,0.056984233,0.2,0.008654,0.011397
1344,-124.6265966,42.85605025,8272,FALSE,1,1344.1,367018.6895,4746768.112,368173.39,4745768.112,S6,0,S,0.056730803,0.08191955,0.7238,0.041062,0.059293
1345,-124.6274938,42.84843079,8284,FALSE,1,1345.1,367018.6895,4745768.112,368173.39,4744768.112,S6,0,S,0.056726933,0.12329166,0.8663,0.049143,0.106808
1346,-124.6272575,42.83942909,8291,FALSE,1,1346.1,367018.6895,4744768.112,368173.39,4743768.112,S6,0,S,0.215374023,0.198262112,0.8663,0.186579,0.171754
1347,-124.6270213,42.83042738,8298,FALSE,1,1347.1,367018.6895,4743768.112,368173.39,4742768.112,S6,0,S,0.219511971,0.224223783,0.8663,0.190163,0.194245
1348,-124.6267852,42.82142565,8305,FALSE,1,1348.1,367018.6895,4742768.112,368173.39,4741768.112,S6,0,S,0.299666792,0.331991664,0.8663,0.259601,0.287604
1349,-124.6265492,42.8124239,8312,FALSE,1,1349.1,367018.6895,4741768.112,368173.39,4740768.112,S6,0,S,0.472322285,0.434954039,0.8663,0.409173,0.376801
1350,-124.6263133,42.80342215,8319,FALSE,1,1350.1,367018.6895,4740768.112,368173.39,4739768.112,S6,0,S,0.386769742,0.393445611,0.8611,0.333047,0.338796
1351,-124.6260775,42.79442037,8341,FALSE,1,1351.1,367018.6895,4739768.112,368173.39,4738768.112,S6,0,S,0.339774311,0.373374902,0.8663,0.294346,0.323455
1352,-124.6258418,42.78541858,8348,FALSE,1,1352.1,367018.6895,4738768.112,368173.39,4737768.112,S6,0,S,0.358088046,0.368469847,0.8663,0.310212,0.319205
1353,-124.6256062,42.77641678,8355,FALSE,1,1353.1,367018.6895,4737768.112,368173.39,4736768.112,S6,0,S,0.480347782,0.521856218,0.8663,0.416125,0.452084
1354,-124.6253708,42.76741496,8362,FALSE,1,1354.1,367018.6895,4736768.112,368173.39,4735768.112,S6,0,S,0.659593344,0.692614623,0.8663,0.571406,0.600012
1355,-124.6121139,42.75993741,8369,FALSE,1,1355.1,367018.6895,4735768.112,368173.39,4734768.112,S6,0,S,0.420450866,0.313762226,0.3565,0.149891,0.111856
1820,-124.6079053,42.88472774,12471,FALSE,1,1820.1,367884.7149,4750268.112,369039.4154,4749268.112,S6,0,S,0.024128995,0.024753221,0.076,0.001834,0.001881
1821,-124.6121875,42.87566249,12479,FALSE,1,1821.1,367884.7149,4749268.112,369039.4154,4748268.112,S6,0,S,0.05041608,0.060027772,0.3759,0.018951,0.022564
1822,-124.6160908,42.86938333,12494,FALSE,1,1822.1,367884.7149,4748268.112,369039.4154,4747268.112,S6,0,S,0.10404896,0.105013407,0.7536,0.078411,0.079138
1823,-124.6172515,42.86208352,12502,FALSE,1,1823.1,367884.7149,4747268.112,369039.4154,4746268.112,S6,0,S,0.166197851,0.169564497,0.8663,0.143977,0.146894
1824,-124.6170165,42.8530818,12565,FALSE,1,1824.1,367884.7149,4746268.112,369039.4154,4745268.112,S6,0,S,0.206498548,0.249620232,0.8663,0.17889,0.216246
1825,-124.6167817,42.84408006,12572,FALSE,1,1825.1,367884.7149,4745268.112,369039.4154,4744268.112,S6,0,S,0.463746905,0.484131246,0.8663,0.401744,0.419403
1826,-124.616547,42.83507831,12579,FALSE,1,1826.1,367884.7149,4744268.112,369039.4154,4743268.112,S6,0,S,0.625465572,0.630078688,0.8663,0.541841,0.545837
1827,-124.6163123,42.82607654,12586,FALSE,1,1827.1,367884.7149,4743268.112,369039.4154,4742268.112,S6,0,S,0.592646301,0.602875175,0.8663,0.513409,0.522271
1828,-124.6160778,42.81707476,12593,FALSE,1,1828.1,367884.7149,4742268.112,369039.4154,4741268.112,S6,0,S,0.622695506,0.627309437,0.8663,0.539441,0.543438
1829,-124.6158434,42.80807296,12600,FALSE,1,1829.1,367884.7149,4741268.112,369039.4154,4740268.112,S6,0,S,0.735291779,0.908972273,0.8663,0.636983,0.787443
1830,-124.6156091,42.79907114,12607,FALSE,1,1830.1,367884.7149,4740268.112,369039.4154,4739268.112,S6,0,S,3.439609528,3.65844032,0.8664,2.980078,3.169673
1831,-124.6029391,42.78824866,12614,FALSE,1,1831.1,367884.7149,4739268.112,369039.4154,4738268.112,S6,0,S,8.53545332,15,0.8387,7.158685,16.337358
1832,-124.6151408,42.78106747,12693,FALSE,1,1832.1,367884.7149,4738268.112,369039.4154,4737268.112,S6,0,S,40.49810791,15,0.8539,34.581334,28.535632
1833,-124.6066729,42.76767887,12729,FALSE,1,1833.1,367884.7149,4737268.112,369039.4154,4736268.112,S6,0,S,1.006384373,4.141128947,0.853,0.858446,3.532383
1834,-124.6069526,42.75866976,12769,FALSE,1,1834.1,367884.7149,4736268.112,369039.4154,4735268.112,S6,0,S,0.428834289,0.398943231,0.8345,0.357862,0.332918
1835,-124.6030822,42.75761851,12793,FALSE,1,1835.1,367884.7149,4735268.112,369039.4154,4734268.112,S6,0,S,0.098096892,0.098096892,0.0154,0.001511,0.001511
2300,-124.6052802,42.89106628,19566,FALSE,1,2300.1,368750.7403,4750768.112,369905.4409,4749768.112,S6,0,S,0.03976408,0.041722025,0.6949,0.027632,0.028993
2301,-124.6072384,42.8847371,19577,FALSE,1,2301.1,368750.7403,4749768.112,369905.4409,4748768.112,S6,0,S,0.089356475,0.080721698,0.8664,0.077418,0.069937
2302,-124.6070047,42.87573537,19584,FALSE,1,2302.1,368750.7403,4748768.112,369905.4409,4747768.112,S6,0,S,0.131358445,0.149161377,0.8664,0.113809,0.129233
2303,-124.6067711,42.86673363,19591,FALSE,1,2303.1,368750.7403,4747768.112,369905.4409,4746768.112,S6,0,S,0.253210425,0.279113318,0.8664,0.219382,0.241824
2304,-124.6065377,42.85773187,19598,FALSE,1,2304.1,368750.7403,4746768.112,369905.4409,4745768.112,S6,0,S,0.496027052,0.446641227,0.8664,0.429758,0.38697
2305,-124.6063043,42.84873009,19627,FALSE,1,2305.1,368750.7403,4745768.112,369905.4409,4744768.112,S6,0,S,0.689667583,0.709515547,0.8664,0.597528,0.614724
2306,-124.606071,42.8397283,19652,FALSE,1,2306.1,368750.7403,4744768.112,369905.4409,4743768.112,S6,0,S,0.975947618,0.957979331,0.8664,0.845561,0.829993
2307,-124.6058379,42.83072649,19659,FALSE,1,2307.1,368750.7403,4743768.112,369905.4409,4742768.112,S6,0,S,0.847356379,1.163980762,0.8664,0.73415,1.008473
2308,-124.6056048,42.82172467,19666,FALSE,1,2308.1,368750.7403,4742768.112,369905.4409,4741768.112,S6,0,S,0.83186698,0.949046053,0.8664,0.72073,0.822254
2309,-124.6053719,42.81272283,19673,FALSE,1,2309.1,368750.7403,4741768.112,369905.4409,4740768.112,S6,0,S,1.794847727,3.996465783,0.8664,1.555056,3.462538
2310,-124.6051391,42.80372098,19680,FALSE,1,2310.1,368750.7403,4740768.112,369905.4409,4739768.112,S6,0,S,9.036466599,8.340501108,0.8664,7.829195,7.22621
2311,-124.5972319,42.79151705,19687,FALSE,1,2311.1,368750.7403,4739768.112,369905.4409,4738768.112,S6,0,S,15.3138752,15,0.8367,12.813119,14.326958
2312,-124.6027473,42.78828654,19726,FALSE,1,2312.1,368750.7403,4738768.112,369905.4409,4737768.112,S6,0,S,60.37107849,15,0.829,50.047624,45.521762
2313,-124.6044412,42.77671533,19822,FALSE,1,2313.1,368750.7403,4737768.112,369905.4409,4736768.112,S6,0,S,48.69763947,15,0.8165,39.761623,32.87411
2314,-124.6042088,42.76771342,19886,FALSE,1,2314.1,368750.7403,4736768.112,369905.4409,4735768.112,S6,0,S,0.556165934,0.669909156,0.8664,0.481862,0.580409
2315,-124.5927024,42.75513088,19893,FALSE,1,2315.1,368750.7403,4735768.112,369905.4409,4734768.112,S6,0,S,0.192842536,0.184393503,0.6921,0.133466,0.127619
2780,-124.5967535,42.88938636,30645,FALSE,1,2780.1,369616.7657,4750268.112,370771.4663,4749268.112,S6,0,S,0.111678824,0.116362843,0.8664,0.096759,0.100817
2781,-124.5965213,42.88038459,30652,FALSE,1,2781.1,369616.7657,4749268.112,370771.4663,4748268.112,S6,0,S,0.218950398,0.222996395,0.8664,0.189699,0.193204
2782,-124.5962892,42.8713828,30659,FALSE,1,2782.1,369616.7657,4748268.112,370771.4663,4747268.112,S6,0,S,0.368149966,0.381443978,0.8664,0.318965,0.330483
2783,-124.5960572,42.862381,30666,FALSE,1,2783.1,369616.7657,4747268.112,370771.4663,4746268.112,S6,0,S,0.522836596,0.532321838,0.8664,0.452986,0.461204
2784,-124.5958253,42.85337919,30673,FALSE,1,2784.1,369616.7657,4746268.112,370771.4663,4745268.112,S6,0,S,0.882789433,0.881031878,0.8664,0.764849,0.763326
2785,-124.5955935,42.84437736,30718,FALSE,1,2785.1,369616.7657,4745268.112,370771.4663,4744268.112,S6,0,S,1.054260492,1.797163796,0.8664,0.913411,1.557063
2786,-124.5953619,42.83537551,30795,FALSE,1,2786.1,369616.7657,4744268.112,370771.4663,4743268.112,S6,0,S,3.053543925,6.938485867,0.8359,2.552457,5.79988
2787,-124.5951303,42.82637365,30958,FALSE,1,2787.1,369616.7657,4743268.112,370771.4663,4742268.112,S6,0,S,43.23615646,15,0.8544,36.940972,30.552559
2788,-124.5948988,42.81737177,30997,FALSE,1,2788.1,369616.7657,4742268.112,370771.4663,4741268.112,S6,0,S,7.852005482,7.609502098,0.8664,6.802978,6.592873
2789,-124.5946675,42.80836988,31004,FALSE,1,2789.1,369616.7657,4741268.112,370771.4663,4740268.112,S6,0,S,8.161076069,8.757022686,0.8664,7.070756,7.587084
2790,-124.5944363,42.79936798,31011,FALSE,1,2790.1,369616.7657,4740268.112,370771.4663,4739268.112,S6,0,S,19.28240967,15,0.8664,16.70628,15.293955
2791,-124.5865893,42.78670676,31018,FALSE,1,2791.1,369616.7657,4739268.112,370771.4663,4738268.112,S6,0,S,19.28240967,15,0.8613,16.607939,16.148771
2792,-124.5871252,42.78596185,31034,FALSE,1,2792.1,369616.7657,4738268.112,370771.4663,4737268.112,S6,0,S,3.221993208,15,0.855,2.754804,16.515496
2793,-124.5937432,42.77236217,31058,FALSE,1,2793.1,369616.7657,4737268.112,370771.4663,4736268.112,S6,0,S,1.031525075,1.104180023,0.8664,0.893713,0.956662
2794,-124.5935124,42.7633602,31065,FALSE,1,2794.1,369616.7657,4736268.112,370771.4663,4735268.112,S6,0,S,0.510410458,0.491806463,0.8664,0.44222,0.426101
2795,-124.5820685,42.75069702,31072,FALSE,1,2795.1,369616.7657,4735268.112,370771.4663,4734268.112,S6,0,S,0.167948976,0.179844383,0.6416,0.107756,0.115388
3261,-124.5860362,42.88503286,44762,FALSE,1,3261.1,370482.7911,4749768.112,371637.4917,4748768.112,S6,0,S,0.307522982,0.347555987,0.8664,0.266438,0.301123
3262,-124.5858056,42.87603104,44769,FALSE,1,3262.1,370482.7911,4748768.112,371637.4917,4747768.112,S6,0,S,0.597209156,0.556055656,0.8664,0.517422,0.481767
3263,-124.5855751,42.8670292,44776,FALSE,1,3263.1,370482.7911,4747768.112,371637.4917,4746768.112,S6,0,S,0.801167071,0.859916754,0.8664,0.694131,0.745032
3264,-124.5853447,42.85802734,44783,FALSE,1,3264.1,370482.7911,4746768.112,371637.4917,4745768.112,S6,0,S,1.300640941,1.274807,0.8664,1.126875,1.104493
3265,-124.5851144,42.84902548,44893,FALSE,1,3265.1,370482.7911,4745768.112,371637.4917,4744768.112,S6,0,S,1.829425216,1.949816741,0.8664,1.585014,1.689321
3266,-124.5848842,42.84002359,45031,FALSE,1,3266.1,370482.7911,4744768.112,371637.4917,4743768.112,S6,0,S,2.834314108,3.351437305,0.8579,2.431558,2.875198
3267,-124.5846542,42.83102169,45134,FALSE,1,3267.1,370482.7911,4743768.112,371637.4917,4742768.112,S6,0,S,84.01459503,15,0.857,72.000508,65.951788
3268,-124.5844242,42.82201978,45247,FALSE,1,3268.1,370482.7911,4742768.112,371637.4917,4741768.112,S6,0,S,45.36998749,15,0.8574,38.900227,34.914685
3269,-124.5841943,42.81301785,45489,FALSE,1,3269.1,370482.7911,4741768.112,371637.4917,4740768.112,S6,0,S,9.889873505,12.68037652,0.8664,8.568586,10.986278
3270,-124.5839646,42.8040159,45851,FALSE,1,3270.1,370482.7911,4740768.112,371637.4917,4739768.112,S6,0,S,9.888581276,11.83028256,0.8664,8.567467,10.249757
3271,-124.5837349,42.79501394,46093,FALSE,1,3271.1,370482.7911,4739768.112,371637.4917,4738768.112,S6,0,S,17.79644775,15,0.8664,15.418842,15.316177
3272,-124.5835054,42.78601197,46170,FALSE,1,3272.1,370482.7911,4738768.112,371637.4917,4737768.112,S6,0,S,8.734559059,9.096709154,0.8664,7.567622,7.881389
3273,-124.5832759,42.77700998,46271,FALSE,1,3273.1,370482.7911,4737768.112,371637.4917,4736768.112,S6,0,S,1.360157728,1.384615325,0.8664,1.178441,1.199631
3274,-124.5830466,42.76800797,46523,FALSE,1,3274.1,370482.7911,4736768.112,371637.4917,4735768.112,S6,0,S,0.745694041,0.748286003,0.8664,0.646069,0.648315
3275,-124.5828173,42.75900595,47340,FALSE,1,3275.1,370482.7911,4735768.112,371637.4917,4734768.112,S6,0,S,0.435273737,0.436548517,0.8664,0.377121,0.378226
3276,-124.5717098,42.74589723,47417,FALSE,1,3276.1,370482.7911,4734768.112,371637.4917,4733768.112,S6,0,S,0.201069444,0.195725955,0.6644,0.133591,0.13004
3741,-124.5753205,42.88067833,53652,FALSE,1,3741.1,371348.8165,4749268.112,372503.5171,4748268.112,S6,0,S,0.829181492,0.848513126,0.8664,0.718403,0.735152
3742,-124.5750914,42.87167646,53659,FALSE,1,3742.1,371348.8165,4748268.112,372503.5171,4747268.112,S6,0,S,1.096936464,1.118310716,0.8664,0.950386,0.968904
3743,-124.5748625,42.86267456,53666,FALSE,1,3743.1,371348.8165,4747268.112,372503.5171,4746268.112,S6,0,S,1.366964102,1.438165885,0.8664,1.184338,1.246027
3744,-124.5746337,42.85367266,53673,FALSE,1,3744.1,371348.8165,4746268.112,372503.5171,4745268.112,S6,0,S,1.886285186,1.909448776,0.8664,1.634277,1.654346
3745,-124.5639755,42.84031116,53711,FALSE,1,3745.1,371348.8165,4745268.112,372503.5171,4744268.112,S6,0,S,2.769271255,2.511341543,0.8308,2.300711,2.086423
3746,-124.5651241,42.84029546,53886,FALSE,1,3746.1,371348.8165,4744268.112,372503.5171,4743268.112,S6,0,S,2.772502661,14.73614163,0.6654,1.844823,9.805429
3747,-124.573948,42.82666685,54002,FALSE,1,3747.1,371348.8165,4743268.112,372503.5171,4742268.112,S6,0,S,46.03044891,15,0.8664,39.880781,39.66223
3748,-124.5737196,42.81766488,54009,FALSE,1,3748.1,371348.8165,4742268.112,372503.5171,4741268.112,S6,0,S,6.093444586,10.14375205,0.8664,5.27936,8.788547
3749,-124.5734913,42.80866289,54016,FALSE,1,3749.1,371348.8165,4741268.112,372503.5171,4740268.112,S6,0,S,9.676274776,11.82195803,0.8664,8.383524,10.242544
3750,-124.5732631,42.7996609,54023,FALSE,1,3750.1,371348.8165,4740268.112,372503.5171,4739268.112,S6,0,S,9.494573593,13.16647459,0.8664,8.226099,11.407434
3751,-124.5730351,42.79065888,54030,FALSE,1,3751.1,371348.8165,4739268.112,372503.5171,4738268.112,S6,0,S,8.498602867,9.652572923,0.8664,7.36319,8.362989
3752,-124.5728071,42.78165685,54037,FALSE,1,3752.1,371348.8165,4738268.112,372503.5171,4737268.112,S6,0,S,1.60705924,1.84517151,0.8664,1.392356,1.598657
3753,-124.5725792,42.77265481,54044,FALSE,1,3753.1,371348.8165,4737268.112,372503.5171,4736268.112,S6,0,S,1.101389408,1.066648862,0.8664,0.954244,0.924145
3754,-124.5723515,42.76365275,54086,FALSE,1,3754.1,371348.8165,4736268.112,372503.5171,4735268.112,S6,0,S,0.600373626,0.599425255,0.8664,0.520164,0.519342
3755,-124.5721238,42.75465068,54093,FALSE,1,3755.1,371348.8165,4735268.112,372503.5171,4734268.112,S6,0,S,0.422136948,0.406680875,0.8664,0.365739,0.352348
3756,-124.5669058,42.74121438,54100,FALSE,1,3756.1,371348.8165,4734268.112,372503.5171,4733268.112,S6,0,S,0.267318994,0.251454861,0.8091,0.216288,0.203452
3757,-124.5586305,42.73542216,54112,FALSE,1,3757.1,371348.8165,4733268.112,372503.5171,4732268.112,S6,0,S,0.161224738,0.158697053,0.1506,0.02428,0.0239
387,-124.644694,42.82584433,54457,FALSE,1,387.1,365286.6387,4743768.112,366441.3392,4742768.112,S6,0,S,0.035424944,0.039593786,0.5565,0.019714,0.022034
388,-124.6474534,42.82049867,54471,FALSE,1,388.1,365286.6387,4742768.112,366441.3392,4741768.112,S6,0,S,0.032491527,0.046666887,0.8375,0.027212,0.039084
389,-124.6456921,42.80964043,54669,FALSE,1,389.1,365286.6387,4741768.112,366441.3392,4740768.112,S6,0,S,0.065481029,0.058124425,0.8401,0.055011,0.04883
390,-124.6429174,42.79868251,54680,FALSE,1,390.1,365286.6387,4740768.112,366441.3392,4739768.112,S6,0,S,0.050086282,0.052109866,0.7566,0.037895,0.039426
391,-124.6367441,42.78976581,54698,FALSE,1,391.1,365286.6387,4739768.112,366441.3392,4738768.112,S6,0,S,0.045077853,0.046615519,0.4192,0.018897,0.019541
392,-124.6335558,42.78612132,54712,FALSE,1,392.1,365286.6387,4738768.112,366441.3392,4737768.112,S6,0,S,0.034325395,0.034496795,0.006,0.000206,0.000207
394,-124.636942,42.76274752,54913,FALSE,1,394.1,365286.6387,4736768.112,366441.3392,4735768.112,S6,0,S,0.072246857,0.070538731,0.4426,0.031976,0.03122
395,-124.6345024,42.75522247,54946,FALSE,1,395.1,365286.6387,4735768.112,366441.3392,4734768.112,S6,0,S,0.080761012,0.076790214,0.2279,0.018405,0.0175
4222,-124.5646062,42.87632277,55574,FALSE,1,4222.1,372214.8419,4748768.112,373369.5425,4747768.112,S6,0,S,1.422650099,1.402301997,0.8595,1.222768,1.205279
4223,-124.5643788,42.86732084,55602,FALSE,1,4223.1,372214.8419,4747768.112,373369.5425,4746768.112,S6,0,S,1.586335897,1.526833645,0.8587,1.362187,1.311092
4224,-124.5641515,42.8583189,55622,FALSE,1,4224.1,372214.8419,4746768.112,373369.5425,4745768.112,S6,0,S,1.674552321,1.808907293,0.8524,1.427388,1.541913
4225,-124.5566469,42.84491359,55747,FALSE,1,4225.1,372214.8419,4745768.112,373369.5425,4744768.112,S6,0,S,1.90348208,1.75346049,0.8403,1.599496,1.473433
4226,-124.551792,42.84321978,55911,FALSE,1,4226.1,372214.8419,4744768.112,373369.5425,4743768.112,S6,0,S,0.839957565,0.846446071,0.4642,0.389908,0.39292
4227,-124.5607479,42.83493675,55971,FALSE,1,4227.1,372214.8419,4743768.112,373369.5425,4742768.112,S6,0,S,0.802356929,0.995172195,0.6082,0.487993,0.605264
4228,-124.5632432,42.82231097,56017,FALSE,1,4228.1,372214.8419,4742768.112,373369.5425,4741768.112,S6,0,S,4.312741756,9.831291756,0.8664,3.736559,8.517831
4229,-124.5630164,42.81330895,56024,FALSE,1,4229.1,372214.8419,4741768.112,373369.5425,4740768.112,S6,0,S,5.944279194,5.102968945,0.8664,5.150123,4.421212
4230,-124.5627897,42.80430691,56031,FALSE,1,4230.1,372214.8419,4740768.112,373369.5425,4739768.112,S6,0,S,6.874676704,8.531424287,0.8664,5.95622,7.391626
4231,-124.5625632,42.79530486,56038,FALSE,1,4231.1,372214.8419,4739768.112,373369.5425,4738768.112,S6,0,S,8.799832344,9.948593299,0.8664,7.624175,8.619461
4232,-124.5623367,42.7863028,56045,FALSE,1,4232.1,372214.8419,4738768.112,373369.5425,4737768.112,S6,0,S,2.183440447,2.335688607,0.8664,1.891733,2.023641
4233,-124.5621103,42.77730071,56052,FALSE,1,4233.1,372214.8419,4737768.112,373369.5425,4736768.112,S6,0,S,1.488071322,1.45962829,0.8664,1.289265,1.264622
4234,-124.561884,42.76829862,56059,FALSE,1,4234.1,372214.8419,4736768.112,373369.5425,4735768.112,S6,0,S,1.091364861,1.059363062,0.8664,0.945559,0.917832
4235,-124.5616578,42.75929651,56066,FALSE,1,4235.1,372214.8419,4735768.112,373369.5425,4734768.112,S6,0,S,0.560701072,0.601928982,0.8664,0.485791,0.521511
4236,-124.5614318,42.75029438,56073,FALSE,1,4236.1,372214.8419,4734768.112,373369.5425,4733768.112,S6,0,S,0.455183148,0.453894576,0.8664,0.394371,0.393254
4237,-124.5612058,42.74129224,56080,FALSE,1,4237.1,372214.8419,4733768.112,373369.5425,4732768.112,S6,0,S,0.325036436,0.325956629,0.8664,0.281612,0.282409
4238,-124.5471524,42.73281547,56087,FALSE,1,4238.1,372214.8419,4732768.112,373369.5425,4731768.112,S6,0,S,0.17079059,0.16350217,0.4251,0.072603,0.069505
4702,-124.5466354,42.87656701,57817,FALSE,1,4702.1,373080.8673,4748268.112,374235.5679,4747268.112,S6,0,S,1.565718889,1.562000806,0.8593,1.345422,1.342227
4703,-124.5536676,42.8629642,57844,FALSE,1,4703.1,373080.8673,4747268.112,374235.5679,4746268.112,S6,0,S,1.557255864,1.612073211,0.8664,1.349206,1.3967
4704,-124.5419614,42.85738879,57851,FALSE,1,4704.1,373080.8673,4746268.112,374235.5679,4745268.112,S6,0,S,0.840918273,1.019939904,0.4756,0.399941,0.485083
4705,-124.547949,42.84953408,57933,FALSE,1,4705.1,373080.8673,4745268.112,374235.5679,4744268.112,S6,0,S,0.846575975,0.848046834,0.1062,0.089906,0.090063
4707,-124.5510785,42.82920113,58055,FALSE,1,4707.1,373080.8673,4743268.112,374235.5679,4742268.112,S6,0,S,0.811362237,0.878688607,0.2255,0.182962,0.198144
4708,-124.5440419,42.82257156,58067,FALSE,1,4708.1,373080.8673,4742268.112,374235.5679,4741268.112,S6,0,S,1.863440692,2.573766274,0.8081,1.505846,2.079861
4709,-124.5523148,42.80895199,58077,FALSE,1,4709.1,373080.8673,4741268.112,374235.5679,4740268.112,S6,0,S,4.099439621,4.127347325,0.8664,3.551754,3.575934
4710,-124.5520897,42.7999499,58084,FALSE,1,4710.1,373080.8673,4740268.112,374235.5679,4739268.112,S6,0,S,5.886378765,8.691629802,0.8664,5.099959,7.530428
4711,-124.5518647,42.7909478,58091,FALSE,1,4711.1,373080.8673,4739268.112,374235.5679,4738268.112,S6,0,S,2.267684937,4.53139938,0.8664,1.964722,3.926004
4712,-124.5516398,42.78194568,58098,FALSE,1,4712.1,373080.8673,4738268.112,374235.5679,4737268.112,S6,0,S,1.747937918,1.743889768,0.8664,1.514413,1.510906
4713,-124.551415,42.77294355,58105,FALSE,1,4713.1,373080.8673,4737268.112,374235.5679,4736268.112,S6,0,S,1.511989832,1.508378138,0.8664,1.309988,1.306859
4714,-124.5511903,42.7639414,58112,FALSE,1,4714.1,373080.8673,4736268.112,374235.5679,4735268.112,S6,0,S,1.27689743,1.246555226,0.8664,1.106304,1.080015
4715,-124.5509657,42.75493923,58119,FALSE,1,4715.1,373080.8673,4735268.112,374235.5679,4734268.112,S6,0,S,0.802705348,0.749719539,0.8664,0.695464,0.649557
4716,-124.5507412,42.74593705,58126,FALSE,1,4716.1,373080.8673,4734268.112,374235.5679,4733268.112,S6,0,S,0.502028346,0.544231996,0.8664,0.434957,0.471523
4717,-124.5396501,42.73281523,58133,FALSE,1,4717.1,373080.8673,4733268.112,374235.5679,4732268.112,S6,0,S,0.391420662,0.395687938,0.8664,0.339127,0.342824
5183,-124.5365064,42.8722009,60146,FALSE,1,5183.1,373946.8927,4747768.112,375101.5933,4746768.112,S6,0,S,0.85845381,0.941343597,0.4299,0.369049,0.404684
5184,-124.5375964,42.86318121,60194,FALSE,1,5184.1,373946.8927,4746768.112,375101.5933,4745768.112,S6,0,S,0.835192263,0.83765023,0.1168,0.09755,0.097838
5189,-124.5389321,42.81746338,60389,FALSE,1,5189.1,373946.8927,4741768.112,375101.5933,4740768.112,S6,0,S,0.718843848,0.980953446,0.2585,0.185821,0.253576
5190,-124.5356503,42.80917674,60400,FALSE,1,5190.1,373946.8927,4740768.112,375101.5933,4739768.112,S6,0,S,1.258654892,1.498406599,0.5446,0.685463,0.816032
5191,-124.5306883,42.79995647,60416,FALSE,1,5191.1,373946.8927,4739768.112,375101.5933,4738768.112,S6,0,S,1.23891598,2.038381918,0.8332,1.032265,1.69838
5192,-124.5411677,42.78658971,60428,FALSE,1,5192.1,373946.8927,4738768.112,375101.5933,4737768.112,S6,0,S,1.770534456,3.036081952,0.8664,1.533991,2.630461
5193,-124.5409443,42.77758754,60435,FALSE,1,5193.1,373946.8927,4737768.112,375101.5933,4736768.112,S6,0,S,1.605895102,2.892806547,0.8664,1.391348,2.506328
5194,-124.5407211,42.76858535,60442,FALSE,1,5194.1,373946.8927,4736768.112,375101.5933,4735768.112,S6,0,S,1.465708256,1.998001478,0.8664,1.26989,1.731068
5195,-124.540498,42.75958315,60449,FALSE,1,5195.1,373946.8927,4735768.112,375101.5933,4734768.112,S6,0,S,1.132656574,1.193605445,0.8664,0.981334,1.03414
5196,-124.540275,42.75058093,60456,FALSE,1,5196.1,373946.8927,4734768.112,375101.5933,4733768.112,S6,0,S,0.862187922,0.878878335,0.8664,0.747,0.76146
5197,-124.5400521,42.7415787,60463,FALSE,1,5197.1,373946.8927,4733768.112,375101.5933,4732768.112,S6,0,S,0.765599608,0.726977268,0.8664,0.663316,0.629853
5670,-124.5308372,42.80033979,60970,FALSE,1,5670.1,374812.9181,4740268.112,375967.6187,4739268.112,S6,0,S,0.583473325,0.583473325,2.00E-04,0.000117,0.000117
5671,-124.5281506,42.79461744,60974,FALSE,1,5671.1,374812.9181,4739268.112,375967.6187,4738268.112,S6,0,S,0.585781604,0.656987568,0.1833,0.107374,0.120426
5672,-124.5250432,42.78680563,60984,FALSE,1,5672.1,374812.9181,4738268.112,375967.6187,4737268.112,S6,0,S,0.735877752,0.741286182,0.3864,0.284343,0.286433
5673,-124.5230296,42.77782725,60993,FALSE,1,5673.1,374812.9181,4737268.112,375967.6187,4736268.112,S6,0,S,0.87774682,0.908132572,0.5251,0.460905,0.47686
5674,-124.5211513,42.76884702,61003,FALSE,1,5674.1,374812.9181,4736268.112,375967.6187,4735268.112,S6,0,S,1.139318287,1.152960882,0.691,0.787269,0.796696
5675,-124.5180148,42.75824525,61013,FALSE,1,5675.1,374812.9181,4735268.112,375967.6187,4734268.112,S6,0,S,1.38811326,1.419623818,0.8314,1.154077,1.180275
5676,-124.5251845,42.74195802,61023,FALSE,1,5676.1,374812.9181,4734268.112,375967.6187,4733268.112,S6,0,S,1.54632318,2.09522158,0.8648,1.33726,1.811948
6155,-124.5185861,42.76086662,61429,FALSE,1,6155.1,375678.9435,4735768.112,376833.6441,4734768.112,S6,0,S,1.068356216,1.062001514,0.0125,0.013354,0.013275
6156,-124.5169225,42.75378618,61434,FALSE,1,6156.1,375678.9435,4734768.112,376833.6441,4733768.112,S6,0,S,1.334746957,1.29364202,0.1022,0.136411,0.13221
864,-124.6338099,42.84834081,65514,FALSE,1,864.1,366152.6641,4746268.112,367307.3646,4745268.112,S6,0,S,0.037071327,0.037573954,0.3431,0.012719,0.012892
865,-124.6333321,42.83934258,65524,FALSE,1,865.1,366152.6641,4745268.112,367307.3646,4744268.112,S6,0,S,0.042727139,0.042952209,0.7039,0.030076,0.030234
866,-124.6374498,42.83443341,65536,FALSE,1,866.1,366152.6641,4744268.112,367307.3646,4743268.112,S6,0,S,0.054088037,0.066155669,0.7959,0.043049,0.052653
867,-124.637494,42.82577551,65550,FALSE,1,867.1,366152.6641,4743268.112,367307.3646,4742268.112,S6,0,S,0.128492065,0.122094675,0.8663,0.111313,0.105771
868,-124.6372564,42.81677382,65557,FALSE,1,868.1,366152.6641,4742268.112,367307.3646,4741268.112,S6,0,S,0.143440686,0.142529556,0.8663,0.124263,0.123473
869,-124.6370189,42.80777212,65564,FALSE,1,869.1,366152.6641,4741268.112,367307.3646,4740268.112,S6,0,S,0.150295012,0.154383853,0.8663,0.130201,0.133743
870,-124.6367816,42.7987704,65571,FALSE,1,870.1,366152.6641,4740268.112,367307.3646,4739268.112,S6,0,S,0.147653408,0.177426104,0.8663,0.127912,0.153704
871,-124.6327989,42.78531957,65578,FALSE,1,871.1,366152.6641,4739268.112,367307.3646,4738268.112,S6,0,S,0.091200382,0.111630787,0.8656,0.078943,0.096628
872,-124.6311572,42.77633783,65587,FALSE,1,872.1,366152.6641,4738268.112,367307.3646,4737268.112,S6,0,S,0.048546309,0.063443561,0.6242,0.030303,0.039601
873,-124.6350767,42.77055238,65602,FALSE,1,873.1,366152.6641,4737268.112,367307.3646,4736268.112,S6,0,S,0.477653205,0.3854346,0.5419,0.25884,0.208867
874,-124.6358332,42.76276337,65624,FALSE,1,874.1,366152.6641,4736268.112,367307.3646,4735268.112,S6,0,S,0.090752702,0.245526003,0.8663,0.078619,0.212699
875,-124.6243896,42.75750218,65631,FALSE,1,875.1,366152.6641,4735268.112,367307.3646,4734268.112,S6,0,S,0.05113861,0.051132629,0.1783,0.009118,0.009117
,,,,,,,,,,,,,,,,,,
,,,,,,,,,,,,,,,,,,
,,,,,,,,,,,,,,,,,,
,,,,,,,,,,,,,,,,,,
,,,,,,,,,,,,,,,Area,Kval,,
,,,,,,,,,,,,,,S6,123.9606,609.348079,,
,,,,,,,,,,,,,,S6 (where kdens >=1),60.05,583.18,,
,,,,,,,,,,,,,,S6 (where kdens >=2),36.66,548.74,,
