<?xml version="1.0" encoding="UTF-8" standalone="yes"?>
<ns3:systemMetadata xmlns:ns2="http://ns.dataone.org/service/types/v1" xmlns:ns3="http://ns.dataone.org/service/types/v2.0">
    <serialVersion>0</serialVersion>
    <identifier>resourceMap_pisco_recruitment.1463.3</identifier>
    <formatId>http://www.openarchives.org/ore/terms</formatId>
    <size>5150</size>
    <checksum algorithm="MD5">9ff5fc0a8152ccdedc1a20f4ff3b823b</checksum>
    <submitter>CN=Michael Frenock A5618,O=Google,C=US,DC=cilogon,DC=org</submitter>
    <rightsHolder>CN=Michael Frenock A5618,O=Google,C=US,DC=cilogon,DC=org</rightsHolder>
    <accessPolicy>
        <allow>
            <subject>CN=PISCO-data-managers,DC=dataone,DC=org</subject>
            <permission>read</permission>
            <permission>write</permission>
            <permission>changePermission</permission>
        </allow>
        <allow>
            <subject>public</subject>
            <permission>read</permission>
        </allow>
    </accessPolicy>
    <replicationPolicy replicationAllowed="false"/>
    <obsoletes>resourceMap_pisco_recruitment.1463.2</obsoletes>
    <archived>false</archived>
    <dateUploaded>2016-07-27T20:24:19.193+00:00</dateUploaded>
    <dateSysMetadataModified>2020-03-04T10:57:46.318+00:00</dateSysMetadataModified>
    <originMemberNode>urn:node:PISCO</originMemberNode>
    <authoritativeMemberNode>urn:node:PISCO</authoritativeMemberNode>
</ns3:systemMetadata>
