<?xml version="1.0" encoding="UTF-8" standalone="yes"?>
<ns3:systemMetadata xmlns:ns2="http://ns.dataone.org/service/types/v1" xmlns:ns3="http://ns.dataone.org/service/types/v2.0">
    <serialVersion>0</serialVersion>
    <identifier>doi:10.6085/AA/pisco_recruitment.1464.1</identifier>
    <formatId>text/plain</formatId>
    <size>458823</size>
    <checksum algorithm="MD5">c8bcbbfa9c78ca92d3d89ef543a02492</checksum>
    <submitter>CN=Michael Frenock A5618,O=Google,C=US,DC=cilogon,DC=org</submitter>
    <rightsHolder>CN=Michael Frenock A5618,O=Google,C=US,DC=cilogon,DC=org</rightsHolder>
    <accessPolicy>
        <allow>
            <subject>CN=PISCO-data-managers,DC=dataone,DC=org</subject>
            <permission>read</permission>
            <permission>write</permission>
            <permission>changePermission</permission>
        </allow>
        <allow>
            <subject>CN=PISCO-data-managers,DC=dataone,DC=org</subject>
            <permission>read</permission>
            <permission>write</permission>
            <permission>changePermission</permission>
        </allow>
        <allow>
            <subject>CN=PISCO-data-managers,DC=dataone,DC=org</subject>
            <permission>read</permission>
            <permission>write</permission>
            <permission>changePermission</permission>
        </allow>
        <allow>
            <subject>public</subject>
            <permission>read</permission>
        </allow>
        <allow>
            <subject>public</subject>
            <permission>read</permission>
        </allow>
        <allow>
            <subject>public</subject>
            <permission>read</permission>
        </allow>
    </accessPolicy>
    <replicationPolicy replicationAllowed="false"/>
    <archived>false</archived>
    <dateUploaded>2016-07-13T20:42:30.465+00:00</dateUploaded>
    <dateSysMetadataModified>2020-03-04T06:37:38.420+00:00</dateSysMetadataModified>
    <originMemberNode>urn:node:PISCO</originMemberNode>
    <authoritativeMemberNode>urn:node:PISCO</authoritativeMemberNode>
</ns3:systemMetadata>
