<?xml version="1.0" encoding="UTF-8" standalone="yes"?>
<ns3:systemMetadata xmlns:ns2="http://ns.dataone.org/service/types/v1" xmlns:ns3="http://ns.dataone.org/service/types/v2.0">
    <serialVersion>0</serialVersion>
    <identifier>doi:10.6085/AA/pisco_recruitment.1463.3</identifier>
    <formatId>eml://ecoinformatics.org/eml-2.0.1</formatId>
    <size>44276</size>
    <checksum algorithm="MD5">307bd483d466f0fde08b6157fce0820e</checksum>
    <submitter>CN=Michael Frenock A5618,O=Google,C=US,DC=cilogon,DC=org</submitter>
    <rightsHolder>CN=Michael Frenock A5618,O=Google,C=US,DC=cilogon,DC=org</rightsHolder>
    <accessPolicy>
        <allow>
            <subject>CN=PISCO-data-managers,DC=dataone,DC=org</subject>
            <permission>read</permission>
            <permission>write</permission>
            <permission>changePermission</permission>
        </allow>
        <allow>
            <subject>public</subject>
            <permission>read</permission>
        </allow>
        <allow>
            <subject>CN=PISCO-data-managers,DC=dataone,DC=org</subject>
            <permission>read</permission>
            <permission>write</permission>
            <permission>changePermission</permission>
        </allow>
    </accessPolicy>
    <replicationPolicy replicationAllowed="false"/>
    <obsoletes>doi:10.6085/AA/pisco_recruitment.1463.2</obsoletes>
    <archived>false</archived>
    <dateUploaded>2016-07-27T20:20:54.863+00:00</dateUploaded>
    <dateSysMetadataModified>2020-03-04T06:37:37.077+00:00</dateSysMetadataModified>
    <originMemberNode>urn:node:PISCO</originMemberNode>
    <authoritativeMemberNode>urn:node:PISCO</authoritativeMemberNode>
</ns3:systemMetadata>
