<?xml version="1.0" encoding="UTF-8" standalone="yes"?>
<ns3:systemMetadata xmlns:ns2="http://ns.dataone.org/service/types/v1" xmlns:ns3="http://ns.dataone.org/service/types/v2.0">
    <serialVersion>3</serialVersion>
    <identifier>doi:10.6085/AA/pisco_recruitment.1363.1</identifier>
    <formatId>eml://ecoinformatics.org/eml-2.0.1</formatId>
    <size>46176</size>
    <checksum algorithm="MD5">741372d4dcbb0ddc0b327f96250e05da</checksum>
    <submitter>uid=frenockm,o=PISCO,dc=ecoinformatics,dc=org</submitter>
    <rightsHolder>uid=frenockm,o=PISCO,dc=ecoinformatics,dc=org</rightsHolder>
    <accessPolicy>
        <allow>
            <subject>public</subject>
            <permission>read</permission>
        </allow>
        <allow>
            <subject>CN=PISCO-data-managers,DC=dataone,DC=org</subject>
            <permission>read</permission>
            <permission>write</permission>
            <permission>changePermission</permission>
        </allow>
        <allow>
            <subject>cn=pisco-intertidal-write,o=PISCOGROUPS,dc=ecoinformatics,dc=org</subject>
            <permission>read</permission>
            <permission>write</permission>
            <permission>changePermission</permission>
        </allow>
    </accessPolicy>
    <replicationPolicy replicationAllowed="false"/>
    <archived>false</archived>
    <dateUploaded>2010-01-08T00:00:00.000+00:00</dateUploaded>
    <dateSysMetadataModified>2020-02-28T04:15:56.175+00:00</dateSysMetadataModified>
    <originMemberNode>urn:node:PISCO</originMemberNode>
    <authoritativeMemberNode>urn:node:PISCO</authoritativeMemberNode>
    <replica>
        <replicaMemberNode>urn:node:PISCO</replicaMemberNode>
        <replicationStatus>completed</replicationStatus>
        <replicaVerified>2015-12-28T14:56:28.458+00:00</replicaVerified>
    </replica>
    <replica>
        <replicaMemberNode>urn:node:CN</replicaMemberNode>
        <replicationStatus>completed</replicationStatus>
        <replicaVerified>2016-01-01T22:18:43.482+00:00</replicaVerified>
    </replica>
</ns3:systemMetadata>
