0,0.387016752167467,0.141131296148443,0.0561296661648856,0.0222625817367118,0.00942675394422617,0.00361067495090713,0.00116202606607383,0.000612552328964722,0.00030324351615996,0.000181004378136261,7.92652845093927e-05,4.10395962055395e-05,1.73703432381335e-05,8.0180995689261e-06,3.3799896984056e-06,1.29260836611458e-06,5.35564487171521e-07,2.48549552404485e-07,1.03342948324595e-07,9.4273387436255e-07,5.07103785367942e-08,2.44405706005164e-08,1.40604812407204e-08,6.48268032740423e-09,3.40029021456528e-09,1.99928011288947e-09,1.24051088536518e-09,6.63590884127622e-10,3.85379639770827e-10,0.00119263625291147,0.000309689835032363,6.90031063541906e-05,1.22805784749733e-05,1.31861894046519e-06,4.57397161296275e-07,9.59550075507897e-08,2.40265602517376e-08,5.96898798544757e-09,3.73917922515846e-09,2.05077362294136e-09,2.47648237082426e-10
0.568559809733545,0,0.294576250693213,0.117156626933565,0.0464675662856094,0.0196759890178917,0.00753638008391416,0.00242543851784493,0.00127854964380138,0.000632944927703887,0.000377801327739184,0.000165446438586866,8.56598834569117e-05,3.62562431153819e-05,1.67357756441152e-05,7.05488236774195e-06,2.6979963799063e-06,1.11785679673782e-06,5.18784970105265e-07,2.15702534339015e-07,1.9677209640472e-06,1.05845220625876e-07,5.10135727903664e-08,2.93477347524458e-08,1.35309723374306e-08,7.09725462750118e-09,4.17299675656638e-09,2.58925594009447e-09,1.38507978447569e-09,8.04383576953005e-10,0.00248932962008614,0.000646400004614725,0.000144026710663929,2.56326333154342e-05,2.75228694259024e-06,9.54702071951794e-07,2.00282057408076e-07,5.01494298515819e-08,1.24587681930775e-08,7.80460058494239e-09,4.28047657426152e-09,5.16903729792167e-10
0.238994843196901,0.339560009714408,0,0.278711241746306,0.110544605451427,0.046808443323253,0.0179287668690815,0.00577002768670703,0.00304162187137954,0.00150575235370517,0.000898775254491553,0.000393590900898812,0.000203781664861794,8.62522488418264e-05,3.98137854720253e-05,1.67833017777312e-05,6.41843266535673e-06,2.65933958725685e-06,1.2341700764688e-06,5.13148276534623e-07,4.68113471390866e-06,2.51801828455985e-07,1.21359385194528e-07,6.98171653349854e-08,3.21896780776988e-08,1.68841037817482e-08,9.92740350709222e-09,6.15974327376271e-09,3.29505310685725e-09,1.91359859899138e-09,0.0059220222337357,0.00153776147936683,0.000342634167818328,6.0979077731751e-05,6.54758788719183e-06,2.27120058793407e-06,4.7646353758344e-07,1.19303621416877e-07,2.96389444502023e-08,1.85668534443559e-08,1.01830939157122e-08,1.22969480830964e-09
0.103801638791403,0.147479690377007,0.304369434166091,0,0.254519976309999,0.107772639262593,0.0412795296536764,0.013285020143059,0.00700308733733421,0.00346687250661147,0.00206935703055833,0.000906211084326643,0.000469190733471231,0.000198588798089732,9.16680076224777e-05,3.8642189308387e-05,1.4777919946984e-05,6.12291342472937e-06,2.84157636948457e-06,1.18148223198871e-06,1.07779325062501e-05,5.79753260220649e-07,2.79420128392109e-07,1.6074835307653e-07,7.41141194977649e-08,3.88742777581307e-08,2.28570403684648e-08,1.41823085916124e-08,7.58659220694825e-09,4.40590532786278e-09,0.0136349752435454,0.00354057091886631,0.000788887344796171,0.000140399374137776,1.50752893560709e-05,5.22925490101998e-06,1.09701859992283e-06,2.7468689919427e-07,6.824126248055e-08,4.27486721848573e-08,2.34457467617937e-08,2.83127243893422e-09
0.0450837351620339,0.0640542421116997,0.132195513684882,0.278711241746306,0,0.248137749281978,0.0950427645622038,0.0305876799530936,0.0161240398472304,0.00798219238875712,0.00476452650261679,0.00208647742486198,0.0010802735590787,0.000457234579460675,0.000211058142848152,8.89705026055145e-05,3.40249605076475e-05,1.40975108957198e-05,6.54249881567178e-06,2.72026688654748e-06,2.4815314279348e-05,1.33483479776264e-06,6.43342152872923e-07,3.70110027979966e-07,1.70641741066034e-07,8.9504867394651e-08,5.26264791389645e-08,3.26536138008788e-08,1.74675123291695e-08,1.01442391349308e-08,0.0313934231507976,0.00815187699764937,0.00181634904289388,0.000323258156592585,3.470962942153e-05,1.20399347221925e-05,2.52579623330931e-06,6.32444277060658e-07,1.57119964761733e-07,9.84253459250496e-08,5.39819277961852e-08,6.51877496406892e-09
0.0210516309930584,0.0299098170022763,0.0617280525455558,0.130142859587227,0.273635256457661,0,0.203541608153916,0.06550593931088,0.0345309084343306,0.0170944972285421,0.0102036108787626,0.00446835666438663,0.00231349138962734,0.000979204067092292,0.000451997729729102,0.000190537378221288,7.28671478675815e-05,3.01909361738135e-05,1.40112794111312e-05,5.82566699577623e-06,5.31439610214201e-05,2.85865444472342e-06,1.3777681761525e-06,7.92619939428248e-07,3.6544280412994e-07,1.91681762723e-07,1.12703773359748e-07,6.99303002060571e-08,3.74080612417389e-08,2.17246916221449e-08,0.0672315021874989,0.0174578902583219,0.00388985533893516,0.000692282945943429,7.43334205757787e-05,2.57844738282576e-05,5.40919268886856e-06,1.35442951197081e-06,3.36484849156768e-07,2.1078567407571e-07,1.15606573971917e-07,1.39604728590883e-08
0.00942519216179476,0.0133911606594057,0.0276367544731841,0.0582672886722915,0.122511404233044,0.23792027018852,0,0.146310742375753,0.0771264850345705,0.0381814016615871,0.0227902675435281,0.00998029472813723,0.00516729698493263,0.00218710052097268,0.0010095591954642,0.000425574620426119,0.000162752364311763,6.74329431969329e-05,3.12948827822776e-05,1.30119142165531e-05,0.00011869965489582,6.38494552406084e-06,3.07731309245634e-06,1.77035568038686e-06,8.1623450530524e-07,4.28130659563257e-07,2.51729429770453e-07,1.56192770438399e-07,8.35527474883144e-08,4.85231688223727e-08,0.150164872064605,0.0389930578949085,0.00868818351986229,0.00154624806270402,0.000166027356636428,5.75908924788586e-05,1.20816983358401e-05,3.02518503628134e-06,7.51555486395241e-07,4.7080018665913e-07,2.58212977913926e-07,3.11814039357649e-08
0.00398975430749327,0.00566857842323557,0.0116988447887013,0.0246649789177309,0.0518599933417975,0.100713429130113,0.192444133165292,0,0.182199676017478,0.0901977966390688,0.0538385661024387,0.0235769394289196,0.0122069589469663,0.00516669476328738,0.00238493117184838,0.00100535578573491,0.000384477887659345,0.000159300146997179,7.39294355418676e-05,3.07386827438122e-05,0.000280410012925061,1.50834697750319e-05,7.26968755547189e-06,4.182197999244e-06,1.92823078032042e-06,1.01139404228661e-06,5.94672770656281e-07,3.68981837499579e-07,1.97380750807558e-07,1.14628660174625e-07,0.297008287466431,0.092115211943065,0.0205245217876811,0.00365277758919059,0.000392214562554433,0.000136049788169444,2.85411881734973e-05,7.14654289323514e-06,1.77543636360847e-06,1.11219435760077e-06,6.09989174264366e-07,7.36613589913948e-08
0.00211841340521762,0.00300980752066763,0.00621165809117599,0.0130962004052723,0.0275357569972231,0.0534751420542263,0.102180786091807,0.183520607726178,0,0.169875741335843,0.101397890745693,0.0444040787375862,0.022990209049895,0.00973079316650726,0.00449170562861865,0.00189345600193989,0.000724113765824282,0.000300020971402942,0.000139236413051939,5.7892284660656e-05,0.000528115548257236,2.84077406037454e-05,1.36915047681713e-05,7.87662240108717e-06,3.63157023208152e-06,1.90482826764888e-06,1.11998830939974e-06,6.94928984120442e-07,3.71740803203779e-07,2.15888074382456e-07,0.170736697251356,0.17348694203422,0.0386552497307433,0.00687952837009675,0.000738684780109044,0.000256231964471984,5.37535913319332e-05,1.34595779188744e-05,3.34380195194308e-06,2.09467246481859e-06,1.14883475033793e-06,1.38731525865043e-07
0.00109115512010615,0.00155029555544817,0.0031995088937041,0.00674560786433551,0.0141831533729524,0.0275440454196337,0.0526314116243503,0.0945280322869026,0.176749753023191,0,0.1968580333432,0.086207903817458,0.044634136927583,0.018891761865465,0.00872038195177155,0.0036760333180757,0.00140582423173294,0.000582473047099405,0.000270319296008949,0.000112394461267667,0.00102530523508256,5.51519553893062e-05,2.65812501852937e-05,1.52919985205234e-05,7.05047973458927e-06,3.6981119022223e-06,2.17439134418535e-06,1.34916369679462e-06,7.2171287679787e-07,4.1913398227341e-07,0.0879432791243592,0.268498713537194,0.0750468908615596,0.0133561991803416,0.00143411299784847,0.000497459268971602,0.000104359431906482,2.61309778660433e-05,6.49179456602165e-06,4.06668323071129e-06,2.23039501048949e-06,2.69339087389756e-07
0.000586170108609858,0.000832821014509784,0.00171878080500421,0.00362375030059152,0.00761921050440949,0.0147967010351464,0.0282736704430543,0.0507805956561833,0.0949502229493094,0.177171050113903,0,0.16047593396929,0.0830864049952288,0.0351669974032237,0.0162329830132824,0.00684293265347856,0.00261694051930206,0.00108427304349195,0.000503199121843984,0.000209222186669733,0.00190860475568316,0.000102665314424932,4.9480972865215e-05,2.84660412348239e-05,1.31244615660202e-05,6.88403191766173e-06,4.04762749491377e-06,2.51146698547583e-06,1.3434678588691e-06,7.80217524024218e-07,0.0472432567340314,0.144237897229844,0.139699718578023,0.0248625525367563,0.00266960003150692,0.000926019973399871,0.00019426498687588,4.86427913554468e-05,1.20844696366261e-05,7.57012710791613e-06,4.15187826841509e-06,5.01374464437594e-07
0.000261826506328133,0.000371998867603288,0.000767733404873546,0.00161863231692179,0.00340329750365361,0.0066092905119342,0.0126290922113629,0.0226823336001435,0.0424117244887416,0.0791375684164892,0.163683880177491,0,0.186011598760805,0.0787309236807917,0.0363419638041992,0.0153197727493343,0.00585873573282248,0.00242744119600266,0.00112654859907118,0.000468400978967693,0.00427293276231515,0.000229844332229279,0.000110776665224898,6.37290040505198e-05,2.93826899709142e-05,1.54117846715942e-05,9.06171908101378e-06,5.62260443484494e-06,3.00771954602368e-06,1.74672991372511e-06,0.0211022989342986,0.0644272100489267,0.300579055990848,0.0556616109085729,0.00597662842604654,0.00207314849819822,0.000434915204167349,0.000108900167106016,2.70543841368117e-05,1.69477960473542e-05,9.29511289619717e-06,1.12246360536243e-06
0.000120838926966766,0.000171685993998345,0.000354326542956004,0.000747035871477155,0.00157069971355367,0.00305033888537319,0.00582861518792739,0.0104684162493073,0.0195739818321109,0.0365237996118973,0.0755438581058907,0.165810954225146,0,0.170589421842422,0.0787435775440941,0.0331939605670323,0.0126943555932593,0.00525963332859515,0.00244093762918508,0.00101490301976499,0.00925833326241945,0.000498012850804616,0.000240024203843527,0.000138084166262899,6.36646423028671e-05,3.33933264563867e-05,1.9634386930332e-05,1.21827205238656e-05,6.5169454952702e-06,3.78470913551724e-06,0.00973919407746277,0.0297346324440557,0.161486442942717,0.120604224868607,0.0129497983778261,0.00449197325735683,0.000942348060467243,0.000235958320779741,5.86198095034669e-05,3.67214633597111e-05,2.01400905868951e-05,2.43208651096417e-06
5.3723928077789e-05,7.63300885323819e-05,0.000157530476210358,0.000332125602553561,0.000698319329382688,0.00135615393982875,0.00259135123928577,0.00465416613489764,0.00870242080545282,0.0162381612674915,0.0335861373604832,0.0737180973292693,0.179187485451088,0,0.177114551307119,0.0746617516665914,0.0285528695184585,0.0118302676369061,0.00549029630663769,0.00228277782864586,0.0208243718760043,0.00112015894332521,0.000539876145997967,0.000310586792130119,0.000143198149071739,7.51101768098256e-05,4.41627843160879e-05,2.74020707032207e-05,1.46582859616736e-05,8.51278391540861e-06,0.00432996034710812,0.0132197570347769,0.0717954575066509,0.271269909744509,0.0291274260167055,0.0101036027670298,0.00211958307090288,0.000530730929626367,0.000131851023051378,8.25960123878684e-05,4.53002418589343e-05,5.47038786614787e-06
2.42789729496473e-05,3.44951722822794e-05,7.11913351742191e-05,0.000150094544624786,0.000315585191085914,0.000612874486262791,0.00117108612293987,0.00210331555668913,0.00393280697990525,0.00733836657652802,0.0151782818128721,0.0333147585256074,0.0809785931119471,0.17340185960087,0,0.165209730453274,0.063181103731361,0.026177732022833,0.0121487957713439,0.00505127593897652,0.0460796698134912,0.00247866079968217,0.00119462496616439,0.000687258992252182,0.000316865424149085,0.000166201994837461,9.77223481911697e-05,6.06346437591733e-05,3.24355030331006e-05,1.88368837414289e-05,0.00195680014291534,0.00597428622463821,0.0324458771553226,0.202556510019051,0.0644524685478397,0.0223570094792573,0.00469016249954755,0.00117438865107716,0.000291756776288616,0.00018276647196881,0.00010023928691635,1.21047428523319e-05
1.09465771324183e-05,1.55527198314777e-05,3.20977927384348e-05,6.76726117406402e-05,0.000142286811028669,0.000276324614317555,0.000528003577416384,0.000948314659881284,0.0017731711733252,0.00330862413011336,0.0068433797815929,0.015020510735902,0.0365105401043595,0.0781811007802512,0.176701290520168,0,0.140132599430231,0.0580609299126054,0.0269454351197158,0.0112034830980139,0.10220245501419,0.00549754848288396,0.00264961977499883,0.00152430684774969,0.000702792020607502,0.000368627899665898,0.000216743391072804,0.000134484675697176,7.19403600984408e-05,4.17792872862676e-05,0.00088225575857267,0.00269360590765061,0.0146287611772025,0.0913259578642712,0.142952424441754,0.0495867540892541,0.0104025511426061,0.00260473661739969,0.000647102267104176,0.000405367100178843,0.000222325838123159,2.68477278989874e-05
4.93544562880956e-06,7.01220136478837e-06,1.44718215519098e-05,3.05113179912741e-05,6.41523657147668e-05,0.000124585529646296,0.000238059159188622,0.000427563373116211,0.000799463595843009,0.001491747995989,0.00308545113422509,0.00677224607808362,0.0164613817983877,0.0352492443465186,0.0796687038648598,0.165209730453274,0,0.128776304202981,0.0597636578518677,0.0248487778224434,0.14817342208381,0.0121932937841011,0.00587672713270488,0.00338083807165971,0.00155875834530046,0.000817598660864284,0.000480726245769521,0.00029828043633276,0.000159560201850995,9.26644167955829e-05,0.000397779623204118,0.00121445684269497,0.00659561930026357,0.041175820905693,0.241801479579369,0.109980996491926,0.0230723498993853,0.0057771784832899,0.00143524119445689,0.000899084411584269,0.000493107840425959,5.95469480127008e-05
2.11375632563841e-06,3.00319081722017e-06,6.19800250051434e-06,1.30674099681297e-05,2.74752229143981e-05,5.33575833221571e-05,0.000101956153801175,0.000183117159523502,0.000342394863587742,0.000638886941506489,0.00132143930718402,0.00290042258852691,0.00705009284304091,0.0150965725923648,0.0341205717606896,0.0707561462661312,0.133112762426353,0,0.139543182121196,0.0580198343575451,0.137500921941964,0.0284703292323479,0.013721670226214,0.00789397636813393,0.00363957139638836,0.00190902503186498,0.00112245589502117,0.000696460068651398,0.00037255983161832,0.000216363724273963,0.000170361352953589,0.00052012848008327,0.00282477674072088,0.0176348112101983,0.130504405013749,0.231712860219891,0.0538720225584933,0.0134892323900015,0.00335116909815582,0.00209928749841595,0.00115136589116593,0.0001390371826284
9.44158403609461e-07,1.34144499684181e-06,2.76848190839987e-06,5.83686245419935e-06,1.22724470603303e-05,2.38334050511323e-05,4.55410863780392e-05,8.17935364198142e-05,0.000152938625837609,0.000285373705305507,0.000590251587453358,0.00129554117836247,0.00314908786932212,0.00674323511439762,0.0152407466139944,0.0316048776728658,0.0594579099511514,0.134306598846998,0,0.129893237639825,0.123780469140367,0.063738603903486,0.0307197045845606,0.0176728210216932,0.00814817411206042,0.00427387366527647,0.00251292393242153,0.00155921598545925,0.000834076885591091,0.000484389260413257,7.6095858867599e-05,0.000232327477607073,0.00126175220182071,0.00787699840217537,0.0582928264735636,0.155043073983996,0.120607228645395,0.030199329036613,0.00750250683853227,0.00469982813507629,0.00257764685073006,0.000311272688105829
4.17807967892064e-07,5.93614806670511e-07,1.22510565599511e-06,2.58292213649674e-06,5.43079015991357e-06,1.05467329370396e-05,2.01527928830319e-05,3.61951883395243e-05,6.76782372896792e-05,0.000126283267147989,0.000261197501791891,0.000573301497954126,0.00139353099910995,0.00298400919762917,0.0067443189067801,0.013985756697763,0.0263112507803895,0.0594332126142305,0.138245350751736,0,0.0564641460315031,0.14403588042763,0.0694200912058556,0.0399368699595928,0.0184131650245333,0.00965805835889808,0.00567868118984956,0.00352350119846564,0.00188483887633248,0.00109461816419695,3.36738581571456e-05,0.000102809307147125,0.000558349236158625,0.0034857209163026,0.0257956792847872,0.0686094954347853,0.248233623582474,0.0682441515772573,0.0169540923666703,0.0106206261486257,0.00582494141444647,0.000703411009006287
2.87721166087036e-06,4.08789581590273e-06,8.43662292240463e-06,1.77871516612054e-05,3.73988386447497e-05,7.26294980520108e-05,0.000138781103131587,0.00024925617977473,0.000466062470029752,0.000869642794603402,0.00179872227359745,0.00394800932927148,0.00959647481255203,0.0205492157144421,0.04644438233385,0.0963121466047672,0.118438691576072,0.106327391781606,0.0994495783395902,0.0426245290013707,0,0.0209158538193064,0.0100806859754236,0.00579934479933416,0.00267382729123116,0.00140247371844642,0.000824617208578233,0.000511657482708172,0.000273702734994035,0.000158952571000547,0.00023189317772815,0.000707990656227627,0.00384504139830854,0.0240042259542478,0.0921428003861615,0.0819384775386307,0.0395773206410125,0.00990992448669539,0.00246195126191818,0.0015422508845341,0.00084585606564747,0.000102144283740899
2.02996920364079e-07,2.88414742832943e-07,5.95232006989507e-07,1.25494313053967e-06,2.63861333971473e-06,5.12425437153152e-06,9.79147169511916e-06,1.7585858405981e-05,3.28822684103486e-05,6.13562121649565e-05,0.000126905881506252,0.000278545282659998,0.000677063442931433,0.00144981600149284,0.00327680674643676,0.00679514455569132,0.012783630972387,0.0288763260973521,0.0671681313218143,0.142615726333352,0.0274337701412392,0,0.14288033132841,0.0821980079963498,0.0378979496253974,0.0198782017473362,0.0116878534127549,0.00725206507119018,0.00387937264951812,0.0022529415225742,1.63608404514863e-05,4.99511123232203e-05,0.000271280550223231,0.00169357854701287,0.0125331344910653,0.0333347311445063,0.149509632647176,0.140460014085408,0.0348948883910137,0.0218593573801415,0.0119888859955068,0.00144775952150273
1.05788348673622e-07,1.5030237559372e-07,3.10194908121026e-07,6.53991997352585e-07,1.37506789451388e-06,2.67041690554771e-06,5.10265682558899e-06,9.16456720947739e-06,1.71360278178515e-05,3.1974733170367e-05,6.61348143200968e-05,0.000145159076394336,0.000352839951543039,0.000755546637547367,0.0017076513961865,0.00354117254562945,0.00666196909600105,0.0150483999797976,0.0350035147344772,0.0743217293653722,0.014296636789853,0.154492125691381,0,0.15772949194877,0.0727222530816008,0.0381442171031897,0.0224277841483383,0.0139159642324793,0.0074441156422625,0.00432316220803912,8.52617020218829e-06,2.6031161829296e-05,0.000141373186212695,0.00088257928957905,0.00653142716931159,0.0173718209785539,0.0779143699001796,0.227271103221566,0.066959688582332,0.0419458502455366,0.0230054345986947,0.00277810106786005
5.9408820160476e-08,8.44070912587706e-08,1.7419984088821e-07,3.6727005792089e-07,7.72213218662494e-07,1.49965775660678e-06,2.86555963294897e-06,5.14665491845823e-06,9.62328278423904e-06,1.79564308905251e-05,3.71401136161861e-05,8.15187075844359e-05,0.000198148524697149,0.000424301304076169,0.000958986088087785,0.00198865834933334,0.00374124115531012,0.00845090881009663,0.0196573397471536,0.041737736790532,0.00802873222165276,0.0867599789910291,0.153970368652038,0,0.129495368651539,0.0679228055566337,0.0399368013676272,0.0247799379428531,0.0132556192710064,0.00769818673305192,4.78814272444646e-06,1.46186288997778e-05,7.93926202440095e-05,0.000495640540118932,0.00366793117419398,0.00975569995163415,0.0437552986301877,0.149968310914682,0.119234060969367,0.0746923137110871,0.0409654144104147,0.0049469207386919
2.92035917096883e-08,4.14919909817834e-08,8.56314099714614e-08,1.80538930029972e-07,3.79596825967551e-07,7.3718671302461e-07,1.40862305249574e-06,2.5299409853829e-06,4.73051679498454e-06,8.82684212961955e-06,1.82569644026207e-05,4.00721483487495e-05,9.74038636287806e-05,0.000208573777790779,0.000471408759105177,0.000977564717974944,0.00183908178903279,0.00415421295987995,0.00966295783914095,0.0205170178719872,0.0039466836284812,0.0426485999580115,0.0756872089458122,0.138065495493265,0,0.138175255199633,0.0812433714362378,0.0504097883034279,0.0269658851778922,0.0156604090142739,2.35370715821723e-06,7.18607891716362e-06,3.90270276662533e-05,0.000243642003655718,0.00180304480407831,0.00479560909749248,0.0215087906777289,0.073719917558305,0.205467795149143,0.151946454860072,0.0833358773114599,0.010063512982413
1.47292742751296e-08,2.09271148240287e-08,4.31895000176189e-08,9.10575468985196e-08,1.91455415011737e-07,3.71811296665893e-07,7.10460395424269e-07,1.27601409738614e-06,2.38590787423515e-06,4.45195166924527e-06,9.20817682636016e-06,2.02109956326418e-05,4.9127115553427e-05,0.000105197347427543,0.00023776215561341,0.000493049588298992,0.000927568786247898,0.0020952402965382,0.00487365930534844,0.0103480690627436,0.00199056973148539,0.0215104680684318,0.0381739914749955,0.069635426135535,0.132866035717788,0,0.161080457970566,0.0999470066611933,0.0534650034488736,0.0310497436459222,1.18712789445118e-06,3.62440786421206e-06,1.96838731692695e-05,0.000122884538881132,0.000909392986458238,0.00241873816401602,0.0108482847155446,0.0371817582337182,0.136203386329131,0.191035341248974,0.165229249419373,0.0199528312444796
7.3943054285913e-09,1.05057096432624e-08,2.16817440758111e-08,4.57121853489339e-08,9.61133449813802e-08,1.86654566181647e-07,3.56661236753607e-07,6.40577249621877e-07,1.19775973249318e-06,2.23494314177149e-06,4.62263590780769e-06,1.01462076484848e-05,2.46625116662866e-05,5.28105666080333e-05,0.000119359988278598,0.000247517915238925,0.000465652740944043,0.00105184046885199,0.002446646380958,0.00519487804461027,0.000999294354498419,0.0107985613181016,0.0191638873867368,0.0349579756537361,0.0667006421816188,0.137531199746889,0,0.1990919745686,0.106500969489126,0.0618503242750509,5.95955109825776e-07,1.81950436589315e-06,9.88158466474435e-06,6.1689788615143e-05,0.000456528230593579,0.00121424100551725,0.00544599342628682,0.0186657721684299,0.0683760397183874,0.117514961385701,0.245785157942117,0.0397455481999932
3.06494456967976e-09,4.35462371372882e-09,8.98709757421565e-09,1.89477316412131e-08,3.98390463682831e-08,7.73684435796651e-08,1.47836323245335e-07,2.65519702104319e-07,4.96472217151167e-07,9.2638543999042e-07,1.91608570233505e-06,4.20560991516672e-06,1.02226277235687e-05,2.18900154862709e-05,4.94747956645136e-05,0.000102596342847909,0.000193013375261544,0.000435988583935321,0.0010141365754719,0.00215328045407707,0.000414208184086898,0.00447601095131491,0.00794344425020868,0.0144901044919409,0.0276474611820929,0.0570067750768469,0.133000128160227,0,0.256937988305802,0.149216462268127,2.47023795072484e-07,7.54185787133185e-07,4.09592350988089e-06,2.55704589983499e-05,0.000189231259565643,0.000503303715942239,0.00225736794919031,0.00773697515618027,0.0283419145913458,0.0487100307727121,0.106501766630813,0.0958877768681742
1.24399087225052e-09,1.76744203652322e-09,3.64765706031264e-09,7.69045033903088e-09,1.6169756423204e-08,3.14020792528013e-08,6.00033775851984e-08,1.0776836567443e-07,2.01506701836347e-07,3.75998632336024e-07,7.77695300883194e-07,1.7069607400196e-06,4.1491304557341e-06,8.88465592080058e-06,2.00806863982117e-05,4.16415057133282e-05,7.83397082742042e-05,0.000176957780413369,0.000411614808377994,0.000873967217952449,0.000168117614969358,0.00181671032736979,0.00322406208590729,0.00588120153446971,0.0112214712612149,0.023137744330525,0.053981705808653,0.19494991795415,0,0.367639523575326,1.00261300622544e-07,3.06106737278775e-07,1.66244154034275e-06,1.03784636461091e-05,7.68046341381558e-05,0.000204279450721036,0.000916213948217205,0.0031402610095731,0.0115033339943917,0.0197702858446515,0.0432266277776835,0.236248307114856
5.54360847263121e-10,7.87626981814525e-10,1.6255091841393e-09,3.42710328718477e-09,7.20574516422392e-09,1.39937408312513e-08,2.67393667486031e-08,4.80249274469662e-08,8.97976384548514e-08,1.67556656609797e-07,3.46565155512783e-07,7.60674667394373e-07,1.84898126562184e-06,3.95927834137475e-06,8.9485768999032e-06,1.85567469515217e-05,3.49106046430703e-05,7.88578773985956e-05,0.000183428329733166,0.000389466908788521,7.49184253940424e-05,0.000809582488714606,0.00143674209804166,0.00262084587904638,0.00500063576114881,0.0103108967655116,0.0240559229918073,0.0868757321265023,0.282103968541219,0,4.46795463652784e-08,1.36410659652604e-07,7.40835530723863e-07,4.62496541197552e-06,3.42265279795125e-05,9.10332613936545e-05,0.000408293362578377,0.00139939773834188,0.00512624254037133,0.0088102527825032,0.0192631265247789,0.53014330885619
0.0037462282966575,0.00532258060378903,0.0109847724967235,0.0231594817215993,0.0486945710307591,0.0945660983063607,0.180697757712928,0.271721822474854,0.155076356559376,0.0767704201138566,0.045823839295666,0.020067137029965,0.0103897589696253,0.00439755007724689,0.00202989623724495,0.000855692587964353,0.000327242239388701,0.000135585786625269,6.29238632961347e-05,2.61627409528996e-05,0.000238666522892235,1.28380554132353e-05,6.18747894654962e-06,3.55961131385614e-06,1.64118296230835e-06,8.6083195401435e-07,5.06146271126583e-07,3.14053022757007e-07,1.67997486912778e-07,9.75643611123407e-08,0,0.0784023976554983,0.0174691202999274,0.00310900355168072,0.000333827187182467,0.000115796613480092,2.42923783980509e-05,6.08266632574646e-06,1.51113442455962e-06,9.46626539281433e-07,5.19182584494003e-07,6.26956942810023e-08
0.000849909786575683,0.00120753808544836,0.00249212405357222,0.00525420999696432,0.011047375972541,0.0214542857680527,0.0409950436895495,0.0736286695319386,0.137671850776475,0.204782630531518,0.122233619903381,0.053528443665387,0.0277143484330663,0.011730323624348,0.00541468303224805,0.00228253250183832,0.000872908165718697,0.000361670732120878,0.000167847384837504,6.97882713980214e-05,0.000636635286158401,3.42451005808457e-05,1.65049014080261e-05,9.49514887949538e-06,4.3778028530399e-06,2.29624159574043e-06,1.35012892574545e-06,8.37726353856491e-07,4.48127901948513e-07,2.60249800376999e-07,0.0684997505983169,0,0.0465983174611413,0.00829316714303198,0.000890473302513887,0.00030888374819269,6.47991393409347e-05,1.62253171076621e-05,4.03090255448231e-06,2.52509589701995e-06,1.38490287296909e-06,1.67238751137842e-07
0.000181016911097349,0.000257185901036499,0.000530781743397186,0.00111906096262187,0.00235291075107778,0.00456941266105337,0.00873127512612905,0.0156817047378358,0.0293218569385064,0.0547127118159399,0.113164823537842,0.238714409919277,0.143874158004591,0.0608959087979437,0.0281093731648752,0.0118493654149303,0.00453154897945464,0.00187754989746445,0.000871350132047635,0.000362293517750804,0.00330497994471234,0.000177777407387044,8.56822883194867e-05,4.92923928363593e-05,2.27265923611111e-05,1.19205337610324e-05,7.00895649274078e-06,4.3489088005658e-06,2.32637706508392e-06,1.35104099567405e-06,0.0145893287265259,0.0445425282460092,0,0.0430525163807021,0.00462273529302593,0.00160351556883456,0.000336393317512603,8.42308756728878e-05,2.09257205676835e-05,1.31085905534242e-05,7.18947931424351e-06,8.6819051716301e-07
3.0599065195793e-05,4.34746571773742e-05,8.97232478032364e-05,0.000189165858293466,0.000397735598490279,0.000772412671692188,0.00147593313358092,0.00265083247054497,0.00495656127753316,0.00924862669320193,0.0191293608553808,0.0419869683211284,0.102058240076014,0.218540331915965,0.166677383279553,0.0702620157802646,0.0268702799478446,0.0111331228217217,0.00516675911192048,0.00214825621203481,0.0195972142724403,0.00105414919413872,0.000508061831429961,0.000292284250003117,0.000134759637768906,7.06840157171353e-05,4.1560319430671e-05,2.57872964561451e-05,1.37944890999709e-05,8.01113481065809e-06,0.00246617743148928,0.00752946074222412,0.0408919072676038,0,0.0274109784560549,0.00950820843615739,0.00199467834401209,0.000499455532720481,0.000124081185553352,7.77287191398749e-05,4.26307478366865e-05,5.14802385420628e-06
4.45335593993157e-06,6.3272561282761e-06,1.30582276289827e-05,2.75310011363106e-05,5.7886022947044e-05,0.00011241613224436,0.000214805764339652,0.000385799384820545,0.000721372743447888,0.00134603545426574,0.002784067168341,0.00611073944836727,0.0148534495011302,0.0318061312997002,0.0718867397749741,0.149072199310959,0.213878752841813,0.111673498202596,0.0518264348321512,0.0215486068082632,0.1019639863696,0.0105739000657779,0.00509623785954303,0.00293182830999444,0.00135173934637707,0.000709013223741501,0.000416880899596764,0.000258665753585911,0.000138368980418369,8.0357637583377e-05,0.000358924883597524,0.00109582984011942,0.00595136540814211,0.0371538054326762,0,0.0953743989631941,0.0200081066230741,0.00500991028561305,0.00124462653235361,0.000779676836064327,0.000427618092259405,5.16385062688438e-05
1.60076217467066e-06,2.27433702042212e-06,4.69378983804757e-06,9.89603926636475e-06,2.08071749088171e-05,4.04080641075745e-05,7.72120951221042e-05,0.000138675881861888,0.000259297980465449,0.000483833466257361,0.00100073505796814,0.00219650993540289,0.00533908370335681,0.0114327380502513,0.0258397432051601,0.0535841152524294,0.10080720869951,0.205466175908192,0.142841315568988,0.0593911457567917,0.0939590332314731,0.0291432316535446,0.0140459848852658,0.00808055221583964,0.00372559345762835,0.00195414525353801,0.00114898538413534,0.000712921053792687,0.000381365364237608,0.000221477527937243,0.000129015821987944,0.000393896868238482,0.00213922281561034,0.013354963578541,0.0988318817266306,0,0.0551452995240854,0.0138080533302596,0.00343037470837499,0.0021489046148512,0.00117857867432435,0.000142323356668188
3.77913542603998e-07,5.36933452081989e-07,1.10812634999735e-06,2.33629162154085e-06,4.91223075198302e-06,9.53967734728978e-06,1.82285019349252e-05,3.27390880515572e-05,6.12159756986438e-05,0.000114225099861678,0.000236257038637079,0.000518559761190813,0.00126046958657745,0.00269908085437737,0.00610033710739492,0.0126503256648481,0.023798919015562,0.0537582278260588,0.125044983010489,0.241818513842951,0.0510726627898726,0.147096178054345,0.0708950441115681,0.0407853995620287,0.0188043853583667,0.00986326093055353,0.00579933483890262,0.00359836422789537,0.00192488561970542,0.00111787526763606,3.04585072717341e-05,9.29925527016045e-05,0.000505035217240351,0.00315288659176045,0.0233325769030952,0.0620583125895336,0,0.0696941195608527,0.0173143121152412,0.0108462801794156,0.00594870262126143,0.000718356222900719
9.61263472537518e-08,1.36574760237077e-07,2.81863776541374e-07,5.94260735229246e-07,1.24947837482429e-06,2.42651885673674e-06,4.63661422338923e-06,8.32753683559146e-06,1.55709374602455e-05,2.9054374549098e-05,6.00945019854102e-05,0.000131901215634535,0.000320613906405163,0.00068654005272351,0.00155168592024571,0.00321774549096192,0.00605350932307496,0.013673979609084,0.0318065274293666,0.0675336788773757,0.0129908774491226,0.140381846528802,0.210072190013336,0.142003679543069,0.0654717605101,0.0343411946302465,0.0201917081816011,0.012528526536075,0.00670192872039903,0.00389213794591119,7.74744674812313e-06,2.36536493270166e-05,0.000128461103382335,0.000801970390560154,0.00593489022429514,0.0157851948481103,0.0707981916150538,0,0.0602837303428169,0.037763800560287,0.020711766215307,0.00250112118478639
2.45698115312197e-08,3.49083910833084e-08,7.20441385966744e-08,1.51892532215345e-07,3.19365596747032e-07,6.20216130361517e-07,1.1851146030764e-06,2.12851124459021e-06,3.97991820719018e-06,7.42627311693691e-06,1.53601029619827e-05,3.37138371402158e-05,8.19486384066271e-05,0.000175479046318113,0.000396609585106925,0.000822452976790557,0.00154727177049171,0.00349505741384853,0.00812972102334671,0.0172615501699326,0.00332045708996021,0.0358814790943736,0.0636777996973965,0.116158424780022,0.187742769138364,0.129426635609175,0.0760994160303658,0.04721807310909,0.025258529754517,0.0146688641758084,1.98024071775542e-06,6.04585240056008e-06,3.28345474107284e-05,0.000204982941275749,0.00151695283098273,0.0040346822110427,0.0180959568147139,0.0620226615483628,0,0.142325906450237,0.0780594340888174,0.00942633777546619
1.56882116865093e-08,2.22895575475808e-08,4.60013172478218e-08,9.69857743173609e-08,2.03919963892603e-07,3.96017768416739e-07,7.56714341036147e-07,1.35908795627487e-06,2.54124046377619e-06,4.74179235790151e-06,9.80766768132092e-06,2.15268160475024e-05,5.23254964122248e-05,0.000112046135080127,0.000253241467168697,0.000525149180304208,0.000987957396850029,0.00223164921009966,0.00519095492628966,0.0110217716736755,0.00212016415313186,0.0229108895782037,0.0406592781087106,0.074168983856924,0.141516170793666,0.185031433524332,0.133311182694499,0.0827167605099146,0.0442479673346671,0.0256969597674925,1.26441488947156e-06,3.86037198721071e-06,2.09653757053242e-05,0.0001308848367324,0.000968598276413804,0.00257620814284759,0.0115545534592765,0.0396024463301363,0.14507079689929,0,0.136744748142236,0.0165130864713049
6.68764091572479e-09,9.50169213767823e-09,1.96096468384285e-08,4.1343528798752e-08,8.692791245228e-08,1.68816221978232e-07,3.22575566951063e-07,5.79358080414443e-07,1.08329132793483e-06,2.02135241174348e-06,4.18085635656451e-06,9.17654723154368e-06,2.23055461699945e-05,4.77635265896247e-05,0.00010795290299002,0.000223862936629202,0.00042115088896312,0.000951317386441918,0.00221282343625824,0.00469841002569237,0.000903793038734416,0.00976655627414802,0.0173324185584108,0.0316170854982498,0.0603261449556798,0.124387514430045,0.216714084556104,0.140569140706235,0.0751951443442493,0.043669499760525,5.39000422921033e-07,1.64561660181058e-06,8.93721393646926e-06,5.57941724181634e-05,0.000412898396692456,0.00109819750626253,0.00492552662337627,0.0168819075905794,0.0618414268383682,0.106284203017292,0,0.0280623946267921
1.80643358538979e-10,2.56655178373175e-10,5.29686491917724e-10,1.11675181973521e-09,2.34805564282965e-09,4.55998390243573e-09,8.71325859393824e-09,1.5649346374876e-08,2.92613528263715e-08,5.45998150323961e-08,1.12931313926103e-07,2.4787255236121e-07,6.02506860316728e-07,1.29016578317098e-06,2.91597274268278e-06,6.04687973393487e-06,1.13759285647865e-05,2.56965351711312e-05,5.97717397660553e-05,0.000126911228780554,2.44128299748006e-05,0.000263809597486938,0.000468175090074781,0.000854025755330156,0.00162950128704247,0.00335989669163651,0.00783883476990921,0.0283092238816392,0.0919260673591033,0.268829088384494,1.45592244412767e-08,4.44506171174783e-08,2.41407794644844e-07,1.50708578897195e-06,1.11530161478488e-05,2.96639914782535e-05,0.000133045994867568,0.000456006100949968,0.00167043136437275,0.00287089860849223,0.00627705975077418,0
